station,year,days,hour
ABI-L1b-RadC,2023,232,19
ABI-L1b-RadC,2022,179,16
ABI-L1b-RadC,2022,216,13
ABI-L1b-RadC,2023,161,3
ABI-L1b-RadC,2022,110,1
ABI-L1b-RadC,2022,329,0
ABI-L1b-RadC,2023,222,22
ABI-L1b-RadC,2023,69,11
ABI-L1b-RadC,2022,317,1
ABI-L1b-RadC,2022,65,17
ABI-L1b-RadC,2022,259,10
ABI-L1b-RadC,2023,114,12
ABI-L1b-RadC,2022,354,16
ABI-L1b-RadC,2022,107,19
ABI-L1b-RadC,2022,344,21
ABI-L1b-RadC,2022,285,6
ABI-L1b-RadC,2023,124,6
ABI-L1b-RadC,2023,132,4
ABI-L1b-RadC,2022,63,22
ABI-L1b-RadC,2023,5,20
ABI-L1b-RadC,2023,122,6
ABI-L1b-RadC,2022,172,1
ABI-L1b-RadC,2023,105,21
ABI-L1b-RadC,2023,303,0
ABI-L1b-RadC,2023,34,7
ABI-L1b-RadC,2022,50,13
ABI-L1b-RadC,2023,217,5
ABI-L1b-RadC,2023,36,15
ABI-L1b-RadC,2022,191,8
ABI-L1b-RadC,2023,164,9
ABI-L1b-RadC,2023,352,20
ABI-L1b-RadC,2023,365,2
ABI-L1b-RadC,2022,226,15
ABI-L1b-RadC,2023,27,4
ABI-L1b-RadC,2023,247,23
ABI-L1b-RadC,2022,108,5
ABI-L1b-RadC,2022,272,15
ABI-L1b-RadC,2023,41,20
ABI-L1b-RadC,2023,248,4
ABI-L1b-RadC,2023,299,20
ABI-L1b-RadC,2023,328,8
ABI-L1b-RadC,2022,91,7
ABI-L1b-RadC,2022,305,1
ABI-L1b-RadC,2023,272,9
ABI-L1b-RadC,2022,253,21
ABI-L1b-RadC,2023,202,23
ABI-L1b-RadC,2022,301,5
ABI-L1b-RadC,2022,235,9
ABI-L1b-RadC,2023,70,6
ABI-L1b-RadC,2022,76,2
ABI-L1b-RadC,2022,147,20
ABI-L1b-RadC,2022,308,11
ABI-L1b-RadC,2022,86,11
ABI-L1b-RadC,2022,254,5
ABI-L1b-RadC,2023,329,15
ABI-L1b-RadC,2022,179,18
ABI-L1b-RadC,2022,90,21
ABI-L1b-RadC,2023,112,19
ABI-L1b-RadC,2022,40,11
ABI-L1b-RadC,2023,92,5
ABI-L1b-RadC,2023,285,8
ABI-L1b-RadC,2022,329,15
ABI-L1b-RadC,2022,251,4
ABI-L1b-RadC,2022,112,17
ABI-L1b-RadC,2023,115,23
ABI-L1b-RadC,2022,103,11
ABI-L1b-RadC,2023,102,3
ABI-L1b-RadC,2023,216,23
ABI-L1b-RadC,2022,192,18
ABI-L1b-RadC,2023,291,19
ABI-L1b-RadC,2023,51,17
ABI-L1b-RadC,2023,137,8
ABI-L1b-RadC,2022,245,20
ABI-L1b-RadC,2022,323,9
ABI-L1b-RadC,2023,343,16
ABI-L1b-RadC,2023,326,19
ABI-L1b-RadC,2022,36,18
ABI-L1b-RadC,2023,115,8
ABI-L1b-RadC,2023,64,21
ABI-L1b-RadC,2022,163,1
ABI-L1b-RadC,2022,233,13
ABI-L1b-RadC,2022,221,23
ABI-L1b-RadC,2023,109,9
ABI-L1b-RadC,2022,208,12
ABI-L1b-RadC,2023,52,10
ABI-L1b-RadC,2022,328,10
ABI-L1b-RadC,2023,60,8
ABI-L1b-RadC,2022,221,11
ABI-L1b-RadC,2022,5,7
ABI-L1b-RadC,2022,204,12
ABI-L1b-RadC,2023,97,4
ABI-L1b-RadC,2023,321,1
ABI-L1b-RadC,2023,219,3
ABI-L1b-RadC,2023,251,6
ABI-L1b-RadC,2022,239,9
ABI-L1b-RadC,2023,332,2
ABI-L1b-RadC,2023,353,21
ABI-L1b-RadC,2023,322,14
ABI-L1b-RadC,2022,144,14
ABI-L1b-RadC,2022,27,18
ABI-L1b-RadC,2022,72,7
ABI-L1b-RadC,2023,348,16
ABI-L1b-RadC,2022,275,18
ABI-L1b-RadC,2022,289,3
ABI-L1b-RadC,2023,154,19
ABI-L1b-RadC,2023,183,2
ABI-L1b-RadC,2022,45,0
ABI-L1b-RadC,2022,196,2
ABI-L1b-RadC,2022,138,12
ABI-L1b-RadC,2023,23,3
ABI-L1b-RadC,2022,165,17
ABI-L1b-RadC,2022,170,2
ABI-L1b-RadC,2022,156,22
ABI-L1b-RadC,2023,129,17
ABI-L1b-RadC,2023,359,9
ABI-L1b-RadC,2022,267,9
ABI-L1b-RadC,2023,147,1
ABI-L1b-RadC,2022,146,19
ABI-L1b-RadC,2023,195,0
ABI-L1b-RadC,2022,331,7
ABI-L1b-RadC,2022,201,17
ABI-L1b-RadC,2022,164,7
ABI-L1b-RadC,2023,293,3
ABI-L1b-RadC,2022,224,7
ABI-L1b-RadC,2022,48,6
ABI-L1b-RadC,2022,16,3
ABI-L1b-RadC,2023,219,1
ABI-L1b-RadC,2023,348,6
ABI-L1b-RadC,2023,129,19
ABI-L1b-RadC,2023,297,20
ABI-L1b-RadC,2022,185,19
ABI-L1b-RadC,2023,47,21
ABI-L1b-RadC,2022,107,17
ABI-L1b-RadC,2023,216,15
ABI-L1b-RadC,2022,271,1
ABI-L1b-RadC,2022,235,4
ABI-L1b-RadC,2023,107,1
ABI-L1b-RadC,2023,228,0
ABI-L1b-RadC,2023,220,9
ABI-L1b-RadC,2022,182,20
ABI-L1b-RadC,2022,92,4
ABI-L1b-RadC,2023,308,0
ABI-L1b-RadC,2022,114,4
ABI-L1b-RadC,2022,14,13
ABI-L1b-RadC,2022,258,16
ABI-L1b-RadC,2023,34,3
ABI-L1b-RadC,2022,14,1
ABI-L1b-RadC,2022,298,21
ABI-L1b-RadC,2022,243,7
ABI-L1b-RadC,2022,8,12
ABI-L1b-RadC,2023,157,3
ABI-L1b-RadC,2023,134,20
ABI-L1b-RadC,2022,322,15
ABI-L1b-RadC,2022,313,3
ABI-L1b-RadC,2023,320,4
ABI-L1b-RadC,2022,146,0
ABI-L1b-RadC,2022,334,13
ABI-L1b-RadC,2022,173,17
ABI-L1b-RadC,2022,115,22
ABI-L1b-RadC,2023,204,21
ABI-L1b-RadC,2023,336,20
ABI-L1b-RadC,2022,162,4
ABI-L1b-RadC,2023,165,6
ABI-L1b-RadC,2022,26,2
ABI-L1b-RadC,2023,30,17
ABI-L1b-RadC,2022,232,1
ABI-L1b-RadC,2023,290,0
ABI-L1b-RadC,2022,67,21
ABI-L1b-RadC,2022,327,3
ABI-L1b-RadC,2022,210,22
ABI-L1b-RadC,2023,18,16
ABI-L1b-RadC,2022,256,14
ABI-L1b-RadC,2022,237,23
ABI-L1b-RadC,2023,324,11
ABI-L1b-RadC,2022,296,1
ABI-L1b-RadC,2022,212,1
ABI-L1b-RadC,2023,171,16
ABI-L1b-RadC,2023,357,20
ABI-L1b-RadC,2023,202,21
ABI-L1b-RadC,2022,250,7
ABI-L1b-RadC,2023,26,7
ABI-L1b-RadC,2022,248,20
ABI-L1b-RadC,2022,196,8
ABI-L1b-RadC,2022,327,16
ABI-L1b-RadC,2023,226,3
ABI-L1b-RadC,2022,17,6
ABI-L1b-RadC,2022,240,21
ABI-L1b-RadC,2022,6,5
ABI-L1b-RadC,2023,123,3
ABI-L1b-RadC,2022,217,17
ABI-L1b-RadC,2023,69,13
ABI-L1b-RadC,2022,230,18
ABI-L1b-RadC,2023,314,8
ABI-L1b-RadC,2023,67,19
ABI-L1b-RadC,2023,136,21
ABI-L1b-RadC,2022,173,5
ABI-L1b-RadC,2023,181,7
ABI-L1b-RadC,2022,229,17
ABI-L1b-RadC,2023,288,13
ABI-L1b-RadC,2023,362,17
ABI-L1b-RadC,2023,305,15
ABI-L1b-RadC,2022,253,5
ABI-L1b-RadC,2022,294,23
ABI-L1b-RadC,2023,44,14
ABI-L1b-RadC,2023,101,17
ABI-L1b-RadC,2022,312,0
ABI-L1b-RadC,2022,179,17
ABI-L1b-RadC,2022,280,17
ABI-L1b-RadC,2023,332,4
ABI-L1b-RadC,2022,45,19
ABI-L1b-RadC,2022,112,23
ABI-L1b-RadC,2022,87,11
ABI-L1b-RadC,2022,243,15
ABI-L1b-RadC,2022,163,16
ABI-L1b-RadC,2022,199,8
ABI-L1b-RadC,2023,240,2
ABI-L1b-RadC,2022,64,4
ABI-L1b-RadC,2023,62,6
ABI-L1b-RadC,2022,342,6
ABI-L1b-RadC,2023,159,16
ABI-L1b-RadC,2023,268,23
ABI-L1b-RadC,2022,192,10
ABI-L1b-RadC,2022,239,9
ABI-L1b-RadC,2022,176,17
ABI-L1b-RadC,2022,330,12
ABI-L1b-RadC,2023,320,15
ABI-L1b-RadC,2023,205,21
ABI-L1b-RadC,2022,37,8
ABI-L1b-RadC,2022,146,20
ABI-L1b-RadC,2023,322,12
ABI-L1b-RadC,2022,250,19
ABI-L1b-RadC,2022,198,22
ABI-L1b-RadC,2023,205,14
ABI-L1b-RadC,2023,172,6
ABI-L1b-RadC,2022,93,23
ABI-L1b-RadC,2023,115,20
ABI-L1b-RadC,2022,181,5
ABI-L1b-RadC,2022,125,2
ABI-L1b-RadC,2022,348,8
ABI-L1b-RadC,2023,213,2
ABI-L1b-RadC,2023,27,4
ABI-L1b-RadC,2022,1,12
ABI-L1b-RadC,2023,186,22
ABI-L1b-RadC,2023,114,1
ABI-L1b-RadC,2022,249,18
ABI-L1b-RadC,2023,151,2
ABI-L1b-RadC,2023,314,7
ABI-L1b-RadC,2023,322,12
ABI-L1b-RadC,2022,58,23
ABI-L1b-RadC,2022,116,23
ABI-L1b-RadC,2022,186,18
ABI-L1b-RadC,2022,348,3
ABI-L1b-RadC,2022,267,21
ABI-L1b-RadC,2022,238,2
ABI-L1b-RadC,2023,54,5
ABI-L1b-RadC,2023,125,9
ABI-L1b-RadC,2023,252,14
ABI-L1b-RadC,2022,113,15
ABI-L1b-RadC,2023,304,13
ABI-L1b-RadC,2023,222,19
ABI-L1b-RadC,2023,187,9
ABI-L1b-RadC,2022,141,3
ABI-L1b-RadC,2023,174,22
ABI-L1b-RadC,2022,345,10
ABI-L1b-RadC,2023,100,22
ABI-L1b-RadC,2023,45,11
ABI-L1b-RadC,2022,334,3
ABI-L1b-RadC,2023,28,8
ABI-L1b-RadC,2022,138,2
ABI-L1b-RadC,2022,138,19
ABI-L1b-RadC,2023,43,20
ABI-L1b-RadC,2023,146,9
ABI-L1b-RadC,2023,350,13
ABI-L1b-RadC,2023,173,12
ABI-L1b-RadC,2022,265,6
ABI-L1b-RadC,2023,225,20
ABI-L1b-RadC,2023,161,3
ABI-L1b-RadC,2023,154,19
ABI-L1b-RadC,2022,179,4
ABI-L1b-RadC,2022,106,16
ABI-L1b-RadC,2022,342,11
ABI-L1b-RadC,2022,182,20
ABI-L1b-RadC,2022,62,16
ABI-L1b-RadC,2023,117,2
ABI-L1b-RadC,2022,184,17
ABI-L1b-RadC,2023,304,2
ABI-L1b-RadC,2023,93,13
ABI-L1b-RadC,2023,7,15
ABI-L1b-RadC,2023,337,2
ABI-L1b-RadC,2022,123,16
ABI-L1b-RadC,2023,191,8
ABI-L1b-RadC,2022,236,15
ABI-L1b-RadC,2022,104,6
ABI-L1b-RadC,2022,64,8
ABI-L1b-RadC,2023,336,19
ABI-L1b-RadC,2022,241,20
ABI-L1b-RadC,2022,36,3
ABI-L1b-RadC,2023,329,18
ABI-L1b-RadC,2022,354,22
ABI-L1b-RadC,2022,181,3
ABI-L1b-RadC,2023,112,16
ABI-L1b-RadC,2022,262,13
ABI-L1b-RadC,2022,78,22
ABI-L1b-RadC,2022,297,13
ABI-L1b-RadC,2022,281,14
ABI-L1b-RadC,2022,53,16
ABI-L1b-RadC,2023,321,6
ABI-L1b-RadC,2022,58,13
ABI-L1b-RadC,2022,120,0
ABI-L1b-RadC,2022,206,17
ABI-L1b-RadC,2023,41,6
ABI-L1b-RadC,2023,208,1
ABI-L1b-RadC,2022,271,18
ABI-L1b-RadC,2023,56,1
ABI-L1b-RadC,2023,113,10
ABI-L1b-RadC,2023,284,21
ABI-L1b-RadC,2022,288,11
ABI-L1b-RadC,2022,213,16
ABI-L1b-RadC,2022,362,22
ABI-L1b-RadC,2022,148,20
ABI-L1b-RadC,2023,242,19
ABI-L1b-RadC,2022,246,14
ABI-L1b-RadC,2022,103,16
ABI-L1b-RadC,2022,149,23
ABI-L1b-RadC,2023,187,9
ABI-L1b-RadC,2023,329,2
ABI-L1b-RadC,2023,338,7
ABI-L1b-RadC,2023,363,23
ABI-L1b-RadC,2023,146,20
ABI-L1b-RadC,2022,181,0
ABI-L1b-RadC,2023,20,5
ABI-L1b-RadC,2022,152,23
ABI-L1b-RadC,2022,351,17
ABI-L1b-RadC,2023,45,10
ABI-L1b-RadC,2023,95,11
ABI-L1b-RadC,2022,330,16
ABI-L1b-RadC,2023,185,14
ABI-L1b-RadC,2023,338,19
ABI-L1b-RadC,2023,113,13
ABI-L1b-RadC,2023,129,20
ABI-L1b-RadC,2022,49,1
ABI-L1b-RadC,2022,58,11
ABI-L1b-RadC,2022,50,21
ABI-L1b-RadC,2022,267,8
ABI-L1b-RadC,2022,258,13
ABI-L1b-RadC,2023,163,12
ABI-L1b-RadC,2022,336,7
ABI-L1b-RadC,2022,351,0
ABI-L1b-RadC,2023,77,8
ABI-L1b-RadC,2022,332,9
ABI-L1b-RadC,2023,73,0
ABI-L1b-RadC,2022,302,4
ABI-L1b-RadC,2022,334,17
ABI-L1b-RadC,2023,357,21
ABI-L1b-RadC,2022,336,20
ABI-L1b-RadC,2023,335,21
ABI-L1b-RadC,2023,199,23
ABI-L1b-RadC,2023,30,15
ABI-L1b-RadC,2022,174,7
ABI-L1b-RadC,2023,242,17
ABI-L1b-RadC,2022,26,6
ABI-L1b-RadC,2023,158,19
ABI-L1b-RadC,2023,12,15
ABI-L1b-RadC,2023,144,5
ABI-L1b-RadC,2022,70,0
ABI-L1b-RadC,2022,256,14
ABI-L1b-RadC,2023,294,19
ABI-L1b-RadC,2023,322,22
ABI-L1b-RadC,2022,90,6
ABI-L1b-RadC,2023,32,0
ABI-L1b-RadC,2023,362,9
ABI-L1b-RadC,2022,362,9
ABI-L1b-RadC,2023,221,11
ABI-L1b-RadC,2023,234,23
ABI-L1b-RadC,2022,179,23
ABI-L1b-RadC,2022,104,17
ABI-L1b-RadC,2023,198,8
ABI-L1b-RadC,2022,47,0
ABI-L1b-RadC,2022,172,7
ABI-L1b-RadC,2022,75,20
ABI-L1b-RadC,2022,67,22
ABI-L1b-RadC,2023,331,15
ABI-L1b-RadC,2022,237,18
ABI-L1b-RadC,2022,252,21
ABI-L1b-RadC,2022,98,19
ABI-L1b-RadC,2023,245,9
ABI-L1b-RadC,2022,148,16
ABI-L1b-RadC,2022,42,18
ABI-L1b-RadC,2022,83,6
ABI-L1b-RadC,2023,58,7
ABI-L1b-RadC,2022,10,9
ABI-L1b-RadC,2022,173,0
ABI-L1b-RadC,2022,225,19
ABI-L1b-RadC,2023,328,4
ABI-L1b-RadC,2022,123,15
ABI-L1b-RadC,2023,150,14
ABI-L1b-RadC,2022,326,17
ABI-L1b-RadC,2023,306,4
ABI-L1b-RadC,2022,279,0
ABI-L1b-RadC,2023,243,0
ABI-L1b-RadC,2022,48,14
ABI-L1b-RadC,2022,247,3
ABI-L1b-RadC,2022,113,15
ABI-L1b-RadC,2023,51,16
ABI-L1b-RadC,2023,260,15
ABI-L1b-RadC,2023,324,23
ABI-L1b-RadC,2022,132,12
ABI-L1b-RadC,2023,277,3
ABI-L1b-RadC,2022,187,7
ABI-L1b-RadC,2022,96,14
ABI-L1b-RadC,2022,245,22
ABI-L1b-RadC,2023,95,23
ABI-L1b-RadC,2023,249,14
ABI-L1b-RadC,2023,97,9
ABI-L1b-RadC,2022,277,21
ABI-L1b-RadC,2022,24,17
ABI-L1b-RadC,2022,352,21
ABI-L1b-RadC,2022,83,6
ABI-L1b-RadC,2022,212,16
ABI-L1b-RadC,2023,329,22
ABI-L1b-RadC,2023,172,13
ABI-L1b-RadC,2022,226,15
ABI-L1b-RadC,2022,228,9
ABI-L1b-RadC,2022,139,0
ABI-L1b-RadC,2022,288,8
ABI-L1b-RadC,2023,235,11
ABI-L1b-RadC,2023,247,15
ABI-L1b-RadC,2022,23,14
ABI-L1b-RadC,2023,255,17
ABI-L1b-RadC,2023,328,10
ABI-L1b-RadC,2022,146,1
ABI-L1b-RadC,2023,75,14
ABI-L1b-RadC,2022,278,4
ABI-L1b-RadC,2023,198,8
ABI-L1b-RadC,2023,263,1
ABI-L1b-RadC,2022,268,16
ABI-L1b-RadC,2023,15,1
ABI-L1b-RadC,2023,165,23
ABI-L1b-RadC,2023,169,16
ABI-L1b-RadC,2023,107,0
ABI-L1b-RadC,2022,221,0
ABI-L1b-RadC,2022,99,8
ABI-L1b-RadC,2022,170,23
ABI-L1b-RadC,2022,123,22
ABI-L1b-RadC,2022,83,13
ABI-L1b-RadC,2022,252,18
ABI-L1b-RadC,2022,194,17
ABI-L1b-RadC,2022,272,17
ABI-L1b-RadC,2022,45,11
ABI-L1b-RadC,2022,313,0
ABI-L1b-RadC,2022,268,23
ABI-L1b-RadC,2023,223,11
ABI-L1b-RadC,2022,169,15
ABI-L1b-RadC,2022,38,23
ABI-L1b-RadC,2022,331,1
ABI-L1b-RadC,2023,214,4
ABI-L1b-RadC,2023,302,15
ABI-L1b-RadC,2022,160,12
ABI-L1b-RadC,2022,254,12
ABI-L1b-RadC,2023,146,15
ABI-L1b-RadC,2023,62,23
ABI-L1b-RadC,2022,5,20
ABI-L1b-RadC,2023,206,19
ABI-L1b-RadC,2023,67,5
ABI-L1b-RadC,2022,101,8
ABI-L1b-RadC,2023,270,6
ABI-L1b-RadC,2022,139,14
ABI-L1b-RadC,2023,53,17
ABI-L1b-RadC,2022,131,9
ABI-L1b-RadC,2023,222,10
ABI-L1b-RadC,2022,44,20
ABI-L1b-RadC,2022,265,22
ABI-L1b-RadC,2023,274,16
ABI-L1b-RadC,2022,260,17
ABI-L1b-RadC,2023,297,7
ABI-L1b-RadC,2022,269,23
ABI-L1b-RadC,2023,225,2
ABI-L1b-RadC,2022,71,20
ABI-L1b-RadC,2022,110,13
ABI-L1b-RadC,2023,209,0
ABI-L1b-RadC,2022,350,8
ABI-L1b-RadC,2022,157,0
ABI-L1b-RadC,2023,169,20
ABI-L1b-RadC,2022,61,19
ABI-L1b-RadC,2023,87,13
ABI-L1b-RadC,2023,114,9
ABI-L1b-RadC,2023,215,17
ABI-L1b-RadC,2022,152,17
ABI-L1b-RadC,2022,232,6
ABI-L1b-RadC,2023,166,15
ABI-L1b-RadC,2022,235,4
ABI-L1b-RadC,2023,85,18
ABI-L1b-RadC,2022,133,7
ABI-L1b-RadC,2022,236,5
ABI-L1b-RadC,2023,23,9
ABI-L1b-RadC,2022,349,20
ABI-L1b-RadC,2023,225,20
ABI-L1b-RadC,2023,293,1
ABI-L1b-RadC,2023,190,9
ABI-L1b-RadC,2022,72,18
ABI-L1b-RadC,2022,33,22
ABI-L1b-RadC,2023,85,0
ABI-L1b-RadC,2023,342,11
ABI-L1b-RadC,2022,289,19
ABI-L1b-RadC,2023,89,22
ABI-L1b-RadC,2023,347,16
ABI-L1b-RadC,2023,19,18
ABI-L1b-RadC,2023,265,12
ABI-L1b-RadC,2023,214,17
ABI-L1b-RadC,2023,260,21
ABI-L1b-RadC,2022,193,2
ABI-L1b-RadC,2022,291,22
ABI-L1b-RadC,2023,169,0
ABI-L1b-RadC,2023,1,8
ABI-L1b-RadC,2023,256,23
ABI-L1b-RadC,2022,199,6
ABI-L1b-RadC,2023,218,12
ABI-L1b-RadC,2023,76,9
ABI-L1b-RadC,2022,230,6
ABI-L1b-RadC,2023,306,1
ABI-L1b-RadC,2022,291,1
ABI-L1b-RadC,2023,97,11
ABI-L1b-RadC,2023,271,21
ABI-L1b-RadC,2022,243,11
ABI-L1b-RadC,2022,160,23
ABI-L1b-RadC,2023,74,17
ABI-L1b-RadC,2023,361,17
ABI-L1b-RadC,2023,5,22
ABI-L1b-RadC,2022,339,0
ABI-L1b-RadC,2023,72,19
ABI-L1b-RadC,2023,176,9
ABI-L1b-RadC,2023,170,20
ABI-L1b-RadC,2022,68,18
ABI-L1b-RadC,2022,333,23
ABI-L1b-RadC,2022,142,18
ABI-L1b-RadC,2023,168,12
ABI-L1b-RadC,2023,274,0
ABI-L1b-RadC,2023,297,2
ABI-L1b-RadC,2023,45,10
ABI-L1b-RadC,2022,262,16
ABI-L1b-RadC,2023,289,13
ABI-L1b-RadC,2022,288,15
ABI-L1b-RadC,2022,319,11
ABI-L1b-RadC,2023,130,6
ABI-L1b-RadC,2023,82,1
ABI-L1b-RadC,2022,36,20
ABI-L1b-RadC,2022,342,5
ABI-L1b-RadC,2023,5,2
ABI-L1b-RadC,2022,360,14
ABI-L1b-RadC,2022,198,1
ABI-L1b-RadC,2023,54,21
ABI-L1b-RadC,2023,266,15
ABI-L1b-RadC,2023,60,18
ABI-L1b-RadC,2023,277,15
ABI-L1b-RadC,2023,361,14
ABI-L1b-RadC,2023,99,15
ABI-L1b-RadC,2022,70,23
ABI-L1b-RadC,2023,122,18
ABI-L1b-RadC,2023,300,22
ABI-L1b-RadC,2023,137,18
ABI-L1b-RadC,2022,82,19
ABI-L1b-RadC,2022,331,11
ABI-L1b-RadC,2022,332,6
ABI-L1b-RadC,2023,49,11
ABI-L1b-RadC,2022,274,5
ABI-L1b-RadC,2022,247,16
ABI-L1b-RadC,2022,270,17
ABI-L1b-RadC,2023,27,22
ABI-L1b-RadC,2023,83,12
ABI-L1b-RadC,2023,166,2
ABI-L1b-RadC,2023,79,18
ABI-L1b-RadC,2023,174,14
ABI-L1b-RadC,2022,167,6
ABI-L1b-RadC,2022,342,9
ABI-L1b-RadC,2022,162,5
ABI-L1b-RadC,2023,200,19
ABI-L1b-RadC,2022,77,20
ABI-L1b-RadC,2022,110,23
ABI-L1b-RadC,2023,217,1
ABI-L1b-RadC,2022,202,17
ABI-L1b-RadC,2022,165,7
ABI-L1b-RadC,2022,216,13
ABI-L1b-RadC,2022,4,9
ABI-L1b-RadC,2022,207,16
ABI-L1b-RadC,2022,331,14
ABI-L1b-RadC,2022,335,2
ABI-L1b-RadC,2022,313,10
ABI-L1b-RadC,2023,107,4
ABI-L1b-RadC,2023,127,19
ABI-L1b-RadC,2022,111,6
ABI-L1b-RadC,2023,133,17
ABI-L1b-RadC,2023,322,20
ABI-L1b-RadC,2023,101,9
ABI-L1b-RadC,2022,35,3
ABI-L1b-RadC,2022,60,22
ABI-L1b-RadC,2022,226,5
ABI-L1b-RadC,2023,38,14
ABI-L1b-RadC,2022,280,15
ABI-L1b-RadC,2023,64,9
ABI-L1b-RadC,2022,256,16
ABI-L1b-RadC,2022,27,10
ABI-L1b-RadC,2022,271,15
ABI-L1b-RadC,2022,328,0
ABI-L1b-RadC,2023,172,12
ABI-L1b-RadC,2023,269,7
ABI-L1b-RadC,2022,44,9
ABI-L1b-RadC,2023,226,14
ABI-L1b-RadC,2022,160,0
ABI-L1b-RadC,2023,273,19
ABI-L1b-RadC,2023,79,4
ABI-L1b-RadC,2022,145,5
ABI-L1b-RadC,2023,65,8
ABI-L1b-RadC,2022,68,9
ABI-L1b-RadC,2022,353,4
ABI-L1b-RadC,2022,84,4
ABI-L1b-RadC,2022,219,13
ABI-L1b-RadC,2023,109,22
ABI-L1b-RadC,2023,249,20
ABI-L1b-RadC,2023,244,12
ABI-L1b-RadC,2023,282,23
ABI-L1b-RadC,2023,350,11
ABI-L1b-RadC,2022,132,3
ABI-L1b-RadC,2023,56,21
ABI-L1b-RadC,2023,71,3
ABI-L1b-RadC,2023,194,4
ABI-L1b-RadC,2023,53,5
ABI-L1b-RadC,2022,143,6
ABI-L1b-RadC,2023,223,6
ABI-L1b-RadC,2023,81,12
ABI-L1b-RadC,2023,61,15
ABI-L1b-RadC,2023,269,4
ABI-L1b-RadC,2022,3,8
ABI-L1b-RadC,2022,103,0
ABI-L1b-RadC,2022,339,2
ABI-L1b-RadC,2022,341,16
ABI-L1b-RadC,2023,115,4
ABI-L1b-RadC,2022,86,17
ABI-L1b-RadC,2022,128,15
ABI-L1b-RadC,2023,228,7
ABI-L1b-RadC,2023,88,0
ABI-L1b-RadC,2022,79,16
ABI-L1b-RadC,2022,260,11
ABI-L1b-RadC,2022,17,8
ABI-L1b-RadC,2022,85,2
ABI-L1b-RadC,2022,356,21
ABI-L1b-RadC,2022,108,21
ABI-L1b-RadC,2023,225,19
ABI-L1b-RadC,2023,351,19
ABI-L1b-RadC,2022,329,5
ABI-L1b-RadC,2023,112,7
ABI-L1b-RadC,2022,1,3
ABI-L1b-RadC,2023,336,2
ABI-L1b-RadC,2023,173,20
ABI-L1b-RadC,2023,127,10
ABI-L1b-RadC,2023,281,1
ABI-L1b-RadC,2023,231,15
ABI-L1b-RadC,2023,278,1
ABI-L1b-RadC,2022,176,1
ABI-L1b-RadC,2023,319,3
ABI-L1b-RadC,2023,61,0
ABI-L1b-RadC,2022,309,19
ABI-L1b-RadC,2022,293,2
ABI-L1b-RadC,2022,251,15
ABI-L1b-RadC,2022,18,9
ABI-L1b-RadC,2022,280,3
ABI-L1b-RadC,2023,92,7
ABI-L1b-RadC,2022,293,0
ABI-L1b-RadC,2022,296,23
ABI-L1b-RadC,2022,54,4
ABI-L1b-RadC,2022,110,7
ABI-L1b-RadC,2023,178,0
ABI-L1b-RadC,2023,358,10
ABI-L1b-RadC,2022,88,8
ABI-L1b-RadC,2022,270,14
ABI-L1b-RadC,2022,195,13
ABI-L1b-RadC,2022,305,17
ABI-L1b-RadC,2022,225,6
ABI-L1b-RadC,2023,128,11
ABI-L1b-RadC,2023,143,1
ABI-L1b-RadC,2022,217,11
ABI-L1b-RadC,2022,52,18
ABI-L1b-RadC,2023,312,15
ABI-L1b-RadC,2023,118,0
ABI-L1b-RadC,2022,293,19
ABI-L1b-RadC,2023,209,0
ABI-L1b-RadC,2023,259,21
ABI-L1b-RadC,2023,298,22
ABI-L1b-RadC,2023,86,9
ABI-L1b-RadC,2023,250,16
ABI-L1b-RadC,2022,112,14
ABI-L1b-RadC,2023,335,21
ABI-L1b-RadC,2023,171,13
ABI-L1b-RadC,2023,250,16
ABI-L1b-RadC,2022,166,20
ABI-L1b-RadC,2023,153,13
ABI-L1b-RadC,2023,201,20
ABI-L1b-RadC,2023,35,9
ABI-L1b-RadC,2022,115,4
ABI-L1b-RadC,2023,322,1
ABI-L1b-RadC,2023,2,11
ABI-L1b-RadC,2022,209,20
ABI-L1b-RadC,2022,312,4
ABI-L1b-RadC,2022,190,20
ABI-L1b-RadC,2022,322,11
ABI-L1b-RadC,2022,80,15
ABI-L1b-RadC,2022,183,17
ABI-L1b-RadC,2023,340,11
ABI-L1b-RadC,2023,291,8
ABI-L1b-RadC,2022,133,1
ABI-L1b-RadC,2022,13,4
ABI-L1b-RadC,2023,286,15
ABI-L1b-RadC,2022,203,15
ABI-L1b-RadC,2022,146,8
ABI-L1b-RadC,2022,148,18
ABI-L1b-RadC,2023,79,19
ABI-L1b-RadC,2022,104,4
ABI-L1b-RadC,2023,321,4
ABI-L1b-RadC,2023,338,20
ABI-L1b-RadC,2023,286,11
ABI-L1b-RadC,2023,76,17
ABI-L1b-RadC,2022,310,7
ABI-L1b-RadC,2023,50,3
ABI-L1b-RadC,2022,169,15
ABI-L1b-RadC,2022,153,20
ABI-L1b-RadC,2023,291,2
ABI-L1b-RadC,2023,41,4
ABI-L1b-RadC,2022,127,10
ABI-L1b-RadC,2022,118,4
ABI-L1b-RadC,2022,288,2
ABI-L1b-RadC,2023,356,23
ABI-L1b-RadC,2023,196,2
ABI-L1b-RadC,2022,86,12
ABI-L1b-RadC,2022,52,20
ABI-L1b-RadC,2022,199,6
ABI-L1b-RadC,2022,154,19
ABI-L1b-RadC,2023,240,8
ABI-L1b-RadC,2022,309,9
ABI-L1b-RadC,2022,122,9
ABI-L1b-RadC,2022,344,11
ABI-L1b-RadC,2022,260,14
ABI-L1b-RadC,2022,90,20
ABI-L1b-RadC,2022,208,11
ABI-L1b-RadC,2023,309,6
ABI-L1b-RadC,2022,20,14
ABI-L1b-RadC,2023,313,4
ABI-L1b-RadC,2023,51,19
ABI-L1b-RadC,2022,364,18
ABI-L1b-RadC,2022,338,3
ABI-L1b-RadC,2022,28,9
ABI-L1b-RadC,2023,85,19
ABI-L1b-RadC,2022,301,8
ABI-L1b-RadC,2023,152,4
ABI-L1b-RadC,2022,309,6
ABI-L1b-RadC,2023,205,10
ABI-L1b-RadC,2022,81,9
ABI-L1b-RadC,2022,239,0
ABI-L1b-RadC,2023,186,6
ABI-L1b-RadC,2022,16,21
ABI-L1b-RadC,2022,124,4
ABI-L1b-RadC,2023,194,18
ABI-L1b-RadC,2023,69,10
ABI-L1b-RadC,2023,79,21
ABI-L1b-RadC,2022,210,16
ABI-L1b-RadC,2022,36,9
ABI-L1b-RadC,2023,230,12
ABI-L1b-RadC,2022,244,3
ABI-L1b-RadC,2022,148,22
ABI-L1b-RadC,2022,347,9
ABI-L1b-RadC,2023,347,22
ABI-L1b-RadC,2023,339,4
ABI-L1b-RadC,2023,200,17
ABI-L1b-RadC,2023,138,20
ABI-L1b-RadC,2023,149,9
ABI-L1b-RadC,2023,59,17
ABI-L1b-RadC,2023,89,17
ABI-L1b-RadC,2023,100,7
ABI-L1b-RadC,2023,277,11
ABI-L1b-RadC,2022,265,6
ABI-L1b-RadC,2022,11,6
ABI-L1b-RadC,2022,21,22
ABI-L1b-RadC,2022,261,8
ABI-L1b-RadC,2023,41,16
ABI-L1b-RadC,2023,51,12
ABI-L1b-RadC,2022,188,16
ABI-L1b-RadC,2022,19,19
ABI-L1b-RadC,2022,160,8
ABI-L1b-RadC,2022,150,1
ABI-L1b-RadC,2022,281,22
ABI-L1b-RadC,2023,137,6
ABI-L1b-RadC,2022,126,22
ABI-L1b-RadC,2023,268,1
ABI-L1b-RadC,2023,365,13
ABI-L1b-RadC,2023,75,18
ABI-L1b-RadC,2023,107,1
ABI-L1b-RadC,2022,139,4
ABI-L1b-RadC,2022,347,17
ABI-L1b-RadC,2023,344,0
ABI-L1b-RadC,2022,142,7
ABI-L1b-RadC,2022,58,16
ABI-L1b-RadC,2022,315,8
ABI-L1b-RadC,2023,339,2
ABI-L1b-RadC,2023,321,14
ABI-L1b-RadC,2022,124,15
ABI-L1b-RadC,2022,337,7
ABI-L1b-RadC,2022,365,0
ABI-L1b-RadC,2022,12,19
ABI-L1b-RadC,2023,95,17
ABI-L1b-RadC,2023,17,20
ABI-L1b-RadC,2023,199,20
ABI-L1b-RadC,2022,192,13
ABI-L1b-RadC,2023,21,15
ABI-L1b-RadC,2023,360,15
ABI-L1b-RadC,2023,72,4
ABI-L1b-RadC,2023,37,19
ABI-L1b-RadC,2023,117,1
ABI-L1b-RadC,2023,261,2
ABI-L1b-RadC,2022,330,8
ABI-L1b-RadC,2023,217,13
ABI-L1b-RadC,2023,46,5
ABI-L1b-RadC,2023,306,14
ABI-L1b-RadC,2023,356,1
ABI-L1b-RadC,2023,301,22
ABI-L1b-RadC,2023,81,0
ABI-L1b-RadC,2023,142,22
ABI-L1b-RadC,2023,106,7
ABI-L1b-RadC,2023,310,4
ABI-L1b-RadC,2023,250,8
ABI-L1b-RadC,2022,112,5
ABI-L1b-RadC,2022,228,18
ABI-L1b-RadC,2022,37,0
ABI-L1b-RadC,2023,47,5
ABI-L1b-RadC,2022,5,11
ABI-L1b-RadC,2022,333,10
ABI-L1b-RadC,2022,22,7
ABI-L1b-RadC,2022,219,12
ABI-L1b-RadC,2022,311,13
ABI-L1b-RadC,2022,46,11
ABI-L1b-RadC,2023,279,8
ABI-L1b-RadC,2022,1,12
ABI-L1b-RadC,2023,196,9
ABI-L1b-RadC,2022,137,8
ABI-L1b-RadC,2022,245,3
ABI-L1b-RadC,2022,131,15
ABI-L1b-RadC,2022,203,17
ABI-L1b-RadC,2023,296,14
ABI-L1b-RadC,2023,266,10
ABI-L1b-RadC,2022,220,18
ABI-L1b-RadC,2023,147,23
ABI-L1b-RadC,2022,28,7
ABI-L1b-RadC,2023,173,6
ABI-L1b-RadC,2022,155,3
ABI-L1b-RadC,2022,267,6
ABI-L1b-RadC,2023,165,11
ABI-L1b-RadC,2022,112,2
ABI-L1b-RadC,2022,115,23
ABI-L1b-RadC,2022,170,10
ABI-L1b-RadC,2023,240,5
ABI-L1b-RadC,2023,185,0
ABI-L1b-RadC,2022,99,20
ABI-L1b-RadC,2022,315,9
ABI-L1b-RadC,2022,215,17
ABI-L1b-RadC,2022,147,2
ABI-L1b-RadC,2022,279,8
ABI-L1b-RadC,2022,122,3
ABI-L1b-RadC,2022,318,0
ABI-L1b-RadC,2023,191,9
ABI-L1b-RadC,2022,239,7
ABI-L1b-RadC,2023,168,15
ABI-L1b-RadC,2023,167,17
ABI-L1b-RadC,2022,198,8
ABI-L1b-RadC,2022,152,2
ABI-L1b-RadC,2022,221,12
ABI-L1b-RadC,2023,79,14
ABI-L1b-RadC,2023,292,7
ABI-L1b-RadC,2023,199,23
ABI-L1b-RadC,2023,229,1
ABI-L1b-RadC,2022,361,11
ABI-L1b-RadC,2023,145,16
ABI-L1b-RadC,2023,4,20
ABI-L1b-RadC,2022,347,13
ABI-L1b-RadC,2022,145,2
ABI-L1b-RadC,2022,10,18
ABI-L1b-RadC,2022,54,1
ABI-L1b-RadC,2023,12,2
ABI-L1b-RadC,2022,32,6
ABI-L1b-RadC,2022,338,20
ABI-L1b-RadC,2022,66,2
ABI-L1b-RadC,2023,27,18
ABI-L1b-RadC,2022,173,5
ABI-L1b-RadC,2023,196,11
ABI-L1b-RadC,2022,167,8
ABI-L1b-RadC,2023,253,19
ABI-L1b-RadC,2023,231,0
ABI-L1b-RadC,2022,13,22
ABI-L1b-RadC,2023,39,3
ABI-L1b-RadC,2023,162,9
ABI-L1b-RadC,2022,106,7
ABI-L1b-RadC,2023,71,11
ABI-L1b-RadC,2023,307,6
ABI-L1b-RadC,2023,60,18
ABI-L1b-RadC,2023,133,2
ABI-L1b-RadC,2023,355,1
ABI-L1b-RadC,2023,354,13
ABI-L1b-RadC,2022,72,15
ABI-L1b-RadC,2022,106,17
ABI-L1b-RadC,2022,124,17
ABI-L1b-RadC,2022,57,5
ABI-L1b-RadC,2022,122,15
ABI-L1b-RadC,2023,5,19
ABI-L1b-RadC,2022,137,13
ABI-L1b-RadC,2022,38,4
ABI-L1b-RadC,2023,122,4
ABI-L1b-RadC,2023,79,0
ABI-L1b-RadC,2022,144,15
ABI-L1b-RadC,2022,178,8
ABI-L1b-RadC,2023,136,4
ABI-L1b-RadC,2022,143,11
ABI-L1b-RadC,2022,337,2
ABI-L1b-RadC,2022,212,4
ABI-L1b-RadC,2022,176,3
ABI-L1b-RadC,2023,37,4
ABI-L1b-RadC,2022,345,17
ABI-L1b-RadC,2023,165,0
ABI-L1b-RadC,2023,208,9
ABI-L1b-RadC,2022,256,16
ABI-L1b-RadC,2022,204,13
ABI-L1b-RadC,2023,310,19
ABI-L1b-RadC,2023,246,14
ABI-L1b-RadC,2022,16,12
ABI-L1b-RadC,2022,282,0
ABI-L1b-RadC,2022,304,11
ABI-L1b-RadC,2022,227,3
ABI-L1b-RadC,2023,10,13
ABI-L1b-RadC,2023,19,6
ABI-L1b-RadC,2023,16,8
ABI-L1b-RadC,2022,54,23
ABI-L1b-RadC,2022,326,10
ABI-L1b-RadC,2022,175,18
ABI-L1b-RadC,2023,201,15
ABI-L1b-RadC,2023,354,1
ABI-L1b-RadC,2023,340,15
ABI-L1b-RadC,2022,351,5
ABI-L1b-RadC,2023,357,3
ABI-L1b-RadC,2022,236,11
ABI-L1b-RadC,2022,38,6
ABI-L1b-RadC,2023,215,1
ABI-L1b-RadC,2022,219,11
ABI-L1b-RadC,2023,285,0
ABI-L1b-RadC,2022,266,6
ABI-L1b-RadC,2023,181,20
ABI-L1b-RadC,2023,202,0
ABI-L1b-RadC,2023,75,19
ABI-L1b-RadC,2022,140,19
ABI-L1b-RadC,2023,268,3
ABI-L1b-RadC,2022,175,23
ABI-L1b-RadC,2022,81,2
ABI-L1b-RadC,2023,334,20
ABI-L1b-RadC,2023,342,18
ABI-L1b-RadC,2023,338,17
ABI-L1b-RadC,2023,1,11
ABI-L1b-RadC,2023,268,13
ABI-L1b-RadC,2022,188,19
ABI-L1b-RadC,2023,172,5
ABI-L1b-RadC,2022,158,11
ABI-L1b-RadC,2022,122,11
ABI-L1b-RadC,2022,249,10
ABI-L1b-RadC,2022,151,19
ABI-L1b-RadC,2023,263,19
ABI-L1b-RadC,2022,161,9
ABI-L1b-RadC,2023,112,5
ABI-L1b-RadC,2022,330,18
ABI-L1b-RadC,2023,236,20
ABI-L1b-RadC,2022,178,17
ABI-L1b-RadC,2022,27,2
ABI-L1b-RadC,2023,206,4
ABI-L1b-RadC,2023,131,9
ABI-L1b-RadC,2022,319,6
ABI-L1b-RadC,2023,312,5
ABI-L1b-RadC,2023,38,11
ABI-L1b-RadC,2022,295,14
ABI-L1b-RadC,2022,10,1
ABI-L1b-RadC,2023,199,4
ABI-L1b-RadC,2023,159,0
ABI-L1b-RadC,2023,330,15
ABI-L1b-RadC,2022,48,16
ABI-L1b-RadC,2023,227,14
ABI-L1b-RadC,2023,182,11
ABI-L1b-RadC,2023,219,19
ABI-L1b-RadC,2022,74,12
ABI-L1b-RadC,2022,294,4
ABI-L1b-RadC,2023,347,1
ABI-L1b-RadC,2022,150,21
ABI-L1b-RadC,2022,301,12
ABI-L1b-RadC,2023,309,0
ABI-L1b-RadC,2023,94,14
ABI-L1b-RadC,2023,291,2
ABI-L1b-RadC,2023,106,20
ABI-L1b-RadC,2022,256,16
ABI-L1b-RadC,2023,105,20
ABI-L1b-RadC,2023,260,21
ABI-L1b-RadC,2023,161,10
ABI-L1b-RadC,2023,364,15
ABI-L1b-RadC,2022,235,19
ABI-L1b-RadC,2023,356,12
ABI-L1b-RadC,2023,364,16
ABI-L1b-RadC,2022,183,11
ABI-L1b-RadC,2022,223,1
ABI-L1b-RadC,2023,358,6
ABI-L1b-RadC,2022,189,23
ABI-L1b-RadC,2023,17,13
ABI-L1b-RadC,2023,337,20
ABI-L1b-RadC,2023,237,7
ABI-L1b-RadC,2022,310,3
ABI-L1b-RadC,2023,317,20
ABI-L1b-RadC,2023,267,12
ABI-L1b-RadC,2022,143,11
ABI-L1b-RadC,2023,8,8
ABI-L1b-RadC,2022,360,15
ABI-L1b-RadC,2022,309,3
ABI-L1b-RadC,2023,46,2
ABI-L1b-RadC,2023,92,5
ABI-L1b-RadC,2022,219,4
ABI-L1b-RadC,2022,268,20
ABI-L1b-RadC,2023,357,2
ABI-L1b-RadC,2022,235,6
ABI-L1b-RadC,2023,192,15
ABI-L1b-RadC,2023,127,4
ABI-L1b-RadC,2022,128,10
ABI-L1b-RadC,2023,4,8
ABI-L1b-RadC,2022,43,6
ABI-L1b-RadC,2023,93,2
ABI-L1b-RadC,2023,328,0
ABI-L1b-RadC,2022,111,11
ABI-L1b-RadC,2023,340,20
ABI-L1b-RadC,2023,274,20
ABI-L1b-RadC,2022,293,22
ABI-L1b-RadC,2023,227,22
ABI-L1b-RadC,2022,36,14
ABI-L1b-RadC,2023,278,1
ABI-L1b-RadC,2023,274,1
ABI-L1b-RadC,2023,14,12
ABI-L1b-RadC,2023,235,15
ABI-L1b-RadC,2023,92,2
ABI-L1b-RadC,2023,189,12
ABI-L1b-RadC,2022,188,5
ABI-L1b-RadC,2022,69,9
ABI-L1b-RadC,2022,335,16
ABI-L1b-RadC,2022,140,10
ABI-L1b-RadC,2022,154,18
ABI-L1b-RadC,2022,262,10
ABI-L1b-RadC,2022,29,6
ABI-L1b-RadC,2022,94,17
ABI-L1b-RadC,2023,19,15
ABI-L1b-RadC,2022,227,17
ABI-L1b-RadC,2022,170,14
ABI-L1b-RadC,2023,342,23
ABI-L1b-RadC,2022,353,4
ABI-L1b-RadC,2022,183,16
ABI-L1b-RadC,2023,120,10
ABI-L1b-RadC,2022,120,18
ABI-L1b-RadC,2023,233,11
ABI-L1b-RadC,2023,275,13
ABI-L1b-RadC,2023,233,13
ABI-L1b-RadC,2023,179,13
ABI-L1b-RadC,2022,60,0
ABI-L1b-RadC,2022,312,11
ABI-L1b-RadC,2022,66,23
ABI-L1b-RadC,2023,2,12
ABI-L1b-RadC,2023,251,0
ABI-L1b-RadC,2022,53,5
ABI-L1b-RadC,2022,184,4
ABI-L1b-RadC,2022,186,17
ABI-L1b-RadC,2023,100,4
ABI-L1b-RadC,2023,10,5
ABI-L1b-RadC,2022,364,22
ABI-L1b-RadC,2023,62,11
ABI-L1b-RadC,2023,92,14
ABI-L1b-RadC,2022,316,5
ABI-L1b-RadC,2023,20,17
ABI-L1b-RadC,2022,313,23
ABI-L1b-RadC,2023,160,5
ABI-L1b-RadC,2022,292,17
ABI-L1b-RadC,2023,241,4
ABI-L1b-RadC,2022,310,4
ABI-L1b-RadC,2023,321,20
ABI-L1b-RadC,2023,141,19
ABI-L1b-RadC,2022,331,10
ABI-L1b-RadC,2023,139,9
ABI-L1b-RadC,2023,279,16
ABI-L1b-RadC,2023,28,12
ABI-L1b-RadC,2023,59,23
ABI-L1b-RadC,2023,134,8
ABI-L1b-RadC,2023,149,5
ABI-L1b-RadC,2023,210,6
ABI-L1b-RadC,2022,108,3
ABI-L1b-RadC,2023,214,10
ABI-L1b-RadC,2022,70,3
ABI-L1b-RadC,2023,337,1
ABI-L1b-RadC,2022,142,11
ABI-L1b-RadC,2023,91,21
ABI-L1b-RadC,2023,94,17
ABI-L1b-RadC,2023,38,18
ABI-L1b-RadC,2023,207,18
ABI-L1b-RadC,2022,147,11
ABI-L1b-RadC,2023,261,0
ABI-L1b-RadC,2022,328,16
ABI-L1b-RadC,2023,18,16
ABI-L1b-RadC,2022,84,9
ABI-L1b-RadC,2022,305,21
ABI-L1b-RadC,2022,208,6
ABI-L1b-RadC,2022,180,10
ABI-L1b-RadC,2022,1,10
ABI-L1b-RadC,2022,220,12
ABI-L1b-RadC,2023,335,8
ABI-L1b-RadC,2023,146,13
ABI-L1b-RadC,2022,103,15
ABI-L1b-RadC,2023,310,7
ABI-L1b-RadC,2022,285,11
ABI-L1b-RadC,2023,131,21
ABI-L1b-RadC,2022,344,7
ABI-L1b-RadC,2023,199,7
ABI-L1b-RadC,2022,127,2
ABI-L1b-RadC,2023,54,3
ABI-L1b-RadC,2023,7,10
ABI-L1b-RadC,2022,94,15
ABI-L1b-RadC,2022,285,5
ABI-L1b-RadC,2023,4,18
ABI-L1b-RadC,2022,319,21
ABI-L1b-RadC,2023,92,18
ABI-L1b-RadC,2022,304,18
ABI-L1b-RadC,2023,33,6
ABI-L1b-RadC,2023,264,21
ABI-L1b-RadC,2023,105,6
ABI-L1b-RadC,2022,83,6
ABI-L1b-RadC,2023,295,6
ABI-L1b-RadC,2022,109,10
ABI-L1b-RadC,2023,73,5
ABI-L1b-RadC,2023,350,3
ABI-L1b-RadC,2023,302,2
ABI-L1b-RadC,2022,244,11
ABI-L1b-RadC,2022,333,10
ABI-L1b-RadC,2023,263,23
ABI-L1b-RadC,2023,21,15
ABI-L1b-RadC,2023,1,18
ABI-L1b-RadC,2023,202,14
ABI-L1b-RadC,2022,108,22
ABI-L1b-RadC,2023,64,12
ABI-L1b-RadC,2022,67,7
ABI-L1b-RadC,2022,317,13
ABI-L1b-RadC,2023,347,12
ABI-L1b-RadC,2022,192,15
ABI-L1b-RadC,2023,245,15
ABI-L1b-RadC,2023,28,21
ABI-L1b-RadC,2022,95,18
ABI-L1b-RadC,2022,332,14
ABI-L1b-RadC,2023,316,13
ABI-L1b-RadC,2022,310,6
ABI-L1b-RadC,2022,240,22
ABI-L1b-RadC,2022,58,0
ABI-L1b-RadC,2022,246,17
ABI-L1b-RadC,2023,138,21
ABI-L1b-RadC,2022,148,18
ABI-L1b-RadC,2023,59,13
ABI-L1b-RadC,2023,140,9
ABI-L1b-RadC,2023,49,9
ABI-L1b-RadC,2022,142,21
ABI-L1b-RadC,2023,237,18
ABI-L1b-RadC,2022,293,11
ABI-L1b-RadC,2023,326,11
ABI-L1b-RadC,2023,106,4
ABI-L1b-RadC,2023,166,20
ABI-L1b-RadC,2023,25,15
ABI-L1b-RadC,2023,260,3
ABI-L1b-RadC,2023,331,16
ABI-L1b-RadC,2022,48,17
ABI-L1b-RadC,2022,126,7
ABI-L1b-RadC,2022,124,10
ABI-L1b-RadC,2022,328,13
ABI-L1b-RadC,2022,311,23
ABI-L1b-RadC,2023,181,7
ABI-L1b-RadC,2023,181,2
ABI-L1b-RadC,2023,231,9
ABI-L1b-RadC,2023,144,0
ABI-L1b-RadC,2023,195,16
ABI-L1b-RadC,2023,71,12
ABI-L1b-RadC,2022,74,13
ABI-L1b-RadC,2022,133,22
ABI-L1b-RadC,2022,270,10
ABI-L1b-RadC,2022,253,19
ABI-L1b-RadC,2023,261,15
ABI-L1b-RadC,2022,4,10
ABI-L1b-RadC,2022,86,2
ABI-L1b-RadC,2023,26,18
ABI-L1b-RadC,2022,212,4
ABI-L1b-RadC,2023,43,11
ABI-L1b-RadC,2022,134,18
ABI-L1b-RadC,2022,52,0
ABI-L1b-RadC,2022,90,3
ABI-L1b-RadC,2023,334,14
ABI-L1b-RadC,2022,82,12
ABI-L1b-RadC,2023,265,23
ABI-L1b-RadC,2023,149,19
ABI-L1b-RadC,2023,364,13
ABI-L1b-RadC,2023,149,8
ABI-L1b-RadC,2023,160,12
ABI-L1b-RadC,2022,353,3
ABI-L1b-RadC,2023,274,10
ABI-L1b-RadC,2022,333,8
ABI-L1b-RadC,2022,351,6
ABI-L1b-RadC,2023,26,3
ABI-L1b-RadC,2022,327,9
ABI-L1b-RadC,2023,1,22
ABI-L1b-RadC,2023,68,5
ABI-L1b-RadC,2023,242,1
ABI-L1b-RadC,2022,197,8
ABI-L1b-RadC,2022,11,6
ABI-L1b-RadC,2023,40,6
ABI-L1b-RadC,2022,323,15
ABI-L1b-RadC,2022,256,0
ABI-L1b-RadC,2023,266,4
ABI-L1b-RadC,2023,305,0
ABI-L1b-RadC,2022,128,12
ABI-L1b-RadC,2022,349,12
ABI-L1b-RadC,2023,76,19
ABI-L1b-RadC,2023,175,6
ABI-L1b-RadC,2023,244,2
ABI-L1b-RadC,2023,24,10
ABI-L1b-RadC,2022,126,7
ABI-L1b-RadC,2022,269,13
ABI-L1b-RadC,2022,47,19
ABI-L1b-RadC,2022,194,9
ABI-L1b-RadC,2022,252,21
ABI-L1b-RadC,2022,78,23
ABI-L1b-RadC,2022,92,14
ABI-L1b-RadC,2022,31,6
ABI-L1b-RadC,2022,328,4
ABI-L1b-RadC,2022,182,14
ABI-L1b-RadC,2023,348,0
ABI-L1b-RadC,2022,300,6
ABI-L1b-RadC,2022,52,23
ABI-L1b-RadC,2023,34,12
ABI-L1b-RadC,2022,255,3
ABI-L1b-RadC,2023,198,20
ABI-L1b-RadC,2023,43,10
ABI-L1b-RadC,2023,313,21
ABI-L1b-RadC,2022,332,18
ABI-L1b-RadC,2023,75,0
ABI-L1b-RadC,2022,267,19
ABI-L1b-RadC,2023,347,4
ABI-L1b-RadC,2023,28,8
ABI-L1b-RadC,2023,213,21
ABI-L1b-RadC,2023,335,22
ABI-L1b-RadC,2023,251,16
ABI-L1b-RadC,2023,158,13
ABI-L1b-RadC,2023,80,21
ABI-L1b-RadC,2023,47,10
ABI-L1b-RadC,2022,311,7
ABI-L1b-RadC,2023,349,8
ABI-L1b-RadC,2022,46,2
ABI-L1b-RadC,2023,141,4
ABI-L1b-RadC,2023,347,0
ABI-L1b-RadC,2023,296,16
ABI-L1b-RadC,2022,286,20
ABI-L1b-RadC,2023,101,8
ABI-L1b-RadC,2023,355,17
ABI-L1b-RadC,2022,256,16
ABI-L1b-RadC,2023,328,11
ABI-L1b-RadC,2023,188,10
ABI-L1b-RadC,2022,255,13
ABI-L1b-RadC,2022,102,6
ABI-L1b-RadC,2022,93,14
ABI-L1b-RadC,2022,232,9
ABI-L1b-RadC,2023,158,2
ABI-L1b-RadC,2022,7,17
ABI-L1b-RadC,2022,225,3
ABI-L1b-RadC,2022,94,8
ABI-L1b-RadC,2022,4,12
ABI-L1b-RadC,2023,181,13
ABI-L1b-RadC,2023,286,4
ABI-L1b-RadC,2022,73,7
ABI-L1b-RadC,2022,231,3
ABI-L1b-RadC,2022,277,2
ABI-L1b-RadC,2022,197,10
ABI-L1b-RadC,2022,153,8
ABI-L1b-RadC,2022,68,14
ABI-L1b-RadC,2022,229,10
ABI-L1b-RadC,2023,45,7
ABI-L1b-RadC,2022,279,22
ABI-L1b-RadC,2022,60,11
ABI-L1b-RadC,2023,37,12
ABI-L1b-RadC,2022,336,18
ABI-L1b-RadC,2023,188,2
ABI-L1b-RadC,2022,130,18
ABI-L1b-RadC,2022,223,4
ABI-L1b-RadC,2023,362,5
ABI-L1b-RadC,2022,243,21
ABI-L1b-RadC,2022,16,0
ABI-L1b-RadC,2022,62,23
ABI-L1b-RadC,2023,111,21
ABI-L1b-RadC,2022,155,7
ABI-L1b-RadC,2022,188,17
ABI-L1b-RadC,2022,59,14
ABI-L1b-RadC,2023,246,15
ABI-L1b-RadC,2023,71,10
ABI-L1b-RadC,2023,151,11
ABI-L1b-RadC,2022,193,23
ABI-L1b-RadC,2023,357,12
ABI-L1b-RadC,2022,156,23
ABI-L1b-RadC,2022,261,1
ABI-L1b-RadC,2023,60,3
ABI-L1b-RadC,2022,14,0
ABI-L1b-RadC,2022,160,20
ABI-L1b-RadC,2023,124,9
ABI-L1b-RadC,2023,84,7
ABI-L1b-RadC,2022,193,6
ABI-L1b-RadC,2022,265,1
ABI-L1b-RadC,2023,213,7
ABI-L1b-RadC,2022,36,21
ABI-L1b-RadC,2022,214,5
ABI-L1b-RadC,2023,3,1
ABI-L1b-RadC,2023,308,2
ABI-L1b-RadC,2023,227,20
ABI-L1b-RadC,2023,261,16
ABI-L1b-RadC,2022,285,14
ABI-L1b-RadC,2022,203,9
ABI-L1b-RadC,2022,362,21
ABI-L1b-RadC,2023,152,15
ABI-L1b-RadC,2023,72,21
ABI-L1b-RadC,2022,302,7
ABI-L1b-RadC,2022,127,2
ABI-L1b-RadC,2022,184,17
ABI-L1b-RadC,2022,288,17
ABI-L1b-RadC,2022,140,21
ABI-L1b-RadC,2023,223,22
ABI-L1b-RadC,2022,268,1
ABI-L1b-RadC,2022,25,8
ABI-L1b-RadC,2023,305,19
ABI-L1b-RadC,2022,2,16
ABI-L1b-RadC,2023,214,17
ABI-L1b-RadC,2022,80,20
ABI-L1b-RadC,2022,144,4
ABI-L1b-RadC,2022,144,19
ABI-L1b-RadC,2022,116,5
ABI-L1b-RadC,2022,131,0
ABI-L1b-RadC,2023,168,4
ABI-L1b-RadC,2023,45,6
ABI-L1b-RadC,2023,93,3
ABI-L1b-RadC,2023,217,1
ABI-L1b-RadC,2022,89,18
ABI-L1b-RadC,2022,362,10
ABI-L1b-RadC,2023,38,3
ABI-L1b-RadC,2022,20,19
ABI-L1b-RadC,2022,68,19
ABI-L1b-RadC,2023,262,4
ABI-L1b-RadC,2022,258,13
ABI-L1b-RadC,2023,169,11
ABI-L1b-RadC,2023,265,11
ABI-L1b-RadC,2023,288,19
ABI-L1b-RadC,2022,258,4
ABI-L1b-RadC,2022,11,22
ABI-L1b-RadC,2023,342,18
ABI-L1b-RadC,2023,291,15
ABI-L1b-RadC,2023,22,9
ABI-L1b-RadC,2022,308,19
ABI-L1b-RadC,2023,79,19
ABI-L1b-RadC,2023,320,15
ABI-L1b-RadC,2023,159,18
ABI-L1b-RadC,2023,209,7
ABI-L1b-RadC,2023,84,23
ABI-L1b-RadC,2023,348,1
ABI-L1b-RadC,2023,294,6
ABI-L1b-RadC,2023,81,2
ABI-L1b-RadC,2023,132,20
ABI-L1b-RadC,2022,278,16
ABI-L1b-RadC,2022,109,11
ABI-L1b-RadC,2023,254,22
ABI-L1b-RadC,2022,109,14
ABI-L1b-RadC,2022,321,2
ABI-L1b-RadC,2023,181,23
ABI-L1b-RadC,2023,269,20
ABI-L1b-RadC,2022,175,19
ABI-L1b-RadC,2022,250,18
ABI-L1b-RadC,2023,324,15
ABI-L1b-RadC,2022,2,13
ABI-L1b-RadC,2023,361,11
ABI-L1b-RadC,2023,113,3
ABI-L1b-RadC,2022,264,3
ABI-L1b-RadC,2023,130,11
ABI-L1b-RadC,2022,123,15
ABI-L1b-RadC,2023,97,0
ABI-L1b-RadC,2022,184,3
ABI-L1b-RadC,2023,136,5
ABI-L1b-RadC,2022,268,1
ABI-L1b-RadC,2023,53,19
ABI-L1b-RadC,2022,317,0
ABI-L1b-RadC,2022,101,17
ABI-L1b-RadC,2022,42,18
ABI-L1b-RadC,2023,279,20
ABI-L1b-RadC,2022,258,2
ABI-L1b-RadC,2022,96,3
ABI-L1b-RadC,2023,297,4
ABI-L1b-RadC,2022,217,10
ABI-L1b-RadC,2022,89,13
ABI-L1b-RadC,2023,156,3
ABI-L1b-RadC,2023,245,23
ABI-L1b-RadC,2022,115,2
ABI-L1b-RadC,2023,246,18
ABI-L1b-RadC,2022,269,21
ABI-L1b-RadC,2022,28,23
ABI-L1b-RadC,2023,234,7
ABI-L1b-RadC,2022,345,20
ABI-L1b-RadC,2022,235,5
ABI-L1b-RadC,2023,205,3
ABI-L1b-RadC,2022,252,6
ABI-L1b-RadC,2023,225,20
ABI-L1b-RadC,2022,332,20
ABI-L1b-RadC,2023,289,17
ABI-L1b-RadC,2023,285,3
ABI-L1b-RadC,2023,216,13
ABI-L1b-RadC,2022,173,23
ABI-L1b-RadC,2023,67,13
ABI-L1b-RadC,2023,291,21
ABI-L1b-RadC,2022,266,13
ABI-L1b-RadC,2023,160,12
ABI-L1b-RadC,2023,198,13
ABI-L1b-RadC,2022,196,7
ABI-L1b-RadC,2023,121,0
ABI-L1b-RadC,2022,125,2
ABI-L1b-RadC,2023,232,10
ABI-L1b-RadC,2022,289,21
ABI-L1b-RadC,2023,107,6
ABI-L1b-RadC,2023,363,15
ABI-L1b-RadC,2022,259,22
ABI-L1b-RadC,2023,364,13
ABI-L1b-RadC,2022,225,11
ABI-L1b-RadC,2023,127,1
ABI-L1b-RadC,2022,279,5
ABI-L1b-RadC,2023,333,16
ABI-L1b-RadC,2023,154,16
ABI-L1b-RadC,2022,234,13
ABI-L1b-RadC,2023,231,14
ABI-L1b-RadC,2023,287,5
ABI-L1b-RadC,2023,179,14
ABI-L1b-RadC,2022,199,14
ABI-L1b-RadC,2023,273,2
ABI-L1b-RadC,2022,362,14
ABI-L1b-RadC,2023,300,20
ABI-L1b-RadC,2023,29,23
ABI-L1b-RadC,2022,204,14
ABI-L1b-RadC,2023,92,22
ABI-L1b-RadC,2022,25,23
ABI-L1b-RadC,2023,351,17
ABI-L1b-RadC,2023,112,3
ABI-L1b-RadC,2022,84,6
ABI-L1b-RadC,2022,164,12
ABI-L1b-RadC,2022,259,6
ABI-L1b-RadC,2023,140,3
ABI-L1b-RadC,2022,181,16
ABI-L1b-RadC,2023,13,3
ABI-L1b-RadC,2022,171,23
ABI-L1b-RadC,2022,244,12
ABI-L1b-RadC,2022,99,22
ABI-L1b-RadC,2023,32,20
ABI-L1b-RadC,2023,113,15
ABI-L1b-RadC,2023,301,20
ABI-L1b-RadC,2023,135,13
ABI-L1b-RadC,2022,362,17
ABI-L1b-RadC,2022,337,14
ABI-L1b-RadC,2022,125,3
ABI-L1b-RadC,2023,327,7
ABI-L1b-RadC,2022,57,18
ABI-L1b-RadC,2022,179,11
ABI-L1b-RadC,2023,98,0
ABI-L1b-RadC,2022,164,5
ABI-L1b-RadC,2022,359,9
ABI-L1b-RadC,2022,309,23
ABI-L1b-RadC,2022,347,20
ABI-L1b-RadC,2022,162,4
ABI-L1b-RadC,2022,133,12
ABI-L1b-RadC,2022,364,5
ABI-L1b-RadC,2022,131,20
ABI-L1b-RadC,2023,85,3
ABI-L1b-RadC,2022,190,2
ABI-L1b-RadC,2023,77,9
ABI-L1b-RadC,2022,67,13
ABI-L1b-RadC,2023,76,19
ABI-L1b-RadC,2022,148,1
ABI-L1b-RadC,2023,336,16
ABI-L1b-RadC,2023,183,12
ABI-L1b-RadC,2022,211,15
ABI-L1b-RadC,2022,55,20
ABI-L1b-RadC,2023,50,0
ABI-L1b-RadC,2023,123,11
ABI-L1b-RadC,2023,338,10
ABI-L1b-RadC,2023,10,13
ABI-L1b-RadC,2023,292,18
ABI-L1b-RadC,2023,61,20
ABI-L1b-RadC,2023,99,17
ABI-L1b-RadC,2023,364,20
ABI-L1b-RadC,2022,114,6
ABI-L1b-RadC,2023,271,4
ABI-L1b-RadC,2022,271,22
ABI-L1b-RadC,2023,230,1
ABI-L1b-RadC,2023,150,20
ABI-L1b-RadC,2023,311,13
ABI-L1b-RadC,2023,355,22
ABI-L1b-RadC,2022,184,6
ABI-L1b-RadC,2023,93,22
ABI-L1b-RadC,2023,155,3
ABI-L1b-RadC,2022,6,11
ABI-L1b-RadC,2022,231,10
ABI-L1b-RadC,2023,270,4
ABI-L1b-RadC,2022,146,22
ABI-L1b-RadC,2023,99,20
ABI-L1b-RadC,2022,242,4
ABI-L1b-RadC,2023,138,4
ABI-L1b-RadC,2022,136,22
ABI-L1b-RadC,2022,59,11
ABI-L1b-RadC,2023,126,1
ABI-L1b-RadC,2023,264,11
ABI-L1b-RadC,2023,151,11
ABI-L1b-RadC,2022,111,8
ABI-L1b-RadC,2022,177,8
ABI-L1b-RadC,2022,133,9
ABI-L1b-RadC,2023,325,20
ABI-L1b-RadC,2023,279,11
ABI-L1b-RadC,2022,59,23
ABI-L1b-RadC,2023,116,21
ABI-L1b-RadC,2023,1,13
ABI-L1b-RadC,2023,290,10
ABI-L1b-RadC,2023,156,20
ABI-L1b-RadC,2023,236,22
ABI-L1b-RadC,2022,50,16
ABI-L1b-RadC,2023,158,2
ABI-L1b-RadC,2022,32,8
ABI-L1b-RadC,2022,227,12
ABI-L1b-RadC,2023,273,8
ABI-L1b-RadC,2023,319,4
ABI-L1b-RadC,2023,200,21
ABI-L1b-RadC,2023,313,4
ABI-L1b-RadC,2022,68,6
ABI-L1b-RadC,2023,66,6
ABI-L1b-RadC,2022,357,4
ABI-L1b-RadC,2023,311,11
ABI-L1b-RadC,2022,283,4
ABI-L1b-RadC,2023,78,21
ABI-L1b-RadC,2023,344,22
ABI-L1b-RadC,2023,131,22
ABI-L1b-RadC,2022,261,0
ABI-L1b-RadC,2023,184,20
ABI-L1b-RadC,2022,31,18
ABI-L1b-RadC,2022,5,8
ABI-L1b-RadC,2022,70,20
ABI-L1b-RadC,2022,240,15
ABI-L1b-RadC,2022,224,13
ABI-L1b-RadC,2023,248,2
ABI-L1b-RadC,2023,154,8
ABI-L1b-RadC,2023,260,21
ABI-L1b-RadC,2023,225,11
ABI-L1b-RadC,2022,207,19
ABI-L1b-RadC,2022,127,10
ABI-L1b-RadC,2023,155,9
ABI-L1b-RadC,2023,312,6
ABI-L1b-RadC,2022,312,23
ABI-L1b-RadC,2023,324,17
ABI-L1b-RadC,2023,1,1
ABI-L1b-RadC,2022,98,12
ABI-L1b-RadC,2022,72,18
ABI-L1b-RadC,2023,216,3
ABI-L1b-RadC,2022,172,22
ABI-L1b-RadC,2023,38,18
ABI-L1b-RadC,2022,128,23
ABI-L1b-RadC,2022,221,0
ABI-L1b-RadC,2023,62,16
ABI-L1b-RadC,2022,119,12
ABI-L1b-RadC,2022,58,21
ABI-L1b-RadC,2023,192,19
ABI-L1b-RadC,2023,34,23
ABI-L1b-RadC,2022,131,2
ABI-L1b-RadC,2023,194,4
ABI-L1b-RadC,2023,223,21
ABI-L1b-RadC,2023,272,19
ABI-L1b-RadC,2022,151,21
ABI-L1b-RadC,2023,201,10
ABI-L1b-RadC,2023,76,10
ABI-L1b-RadC,2023,336,3
ABI-L1b-RadC,2022,236,1
ABI-L1b-RadC,2022,280,11
ABI-L1b-RadC,2023,258,9
ABI-L1b-RadC,2022,103,5
ABI-L1b-RadC,2022,99,5
ABI-L1b-RadC,2022,58,6
ABI-L1b-RadC,2022,317,0
ABI-L1b-RadC,2022,127,4
ABI-L1b-RadC,2023,8,8
ABI-L1b-RadC,2023,156,12
ABI-L1b-RadC,2022,154,6
ABI-L1b-RadC,2023,33,14
ABI-L1b-RadC,2022,240,13
ABI-L1b-RadC,2023,201,22
ABI-L1b-RadC,2022,340,2
ABI-L1b-RadC,2022,360,8
ABI-L1b-RadC,2023,355,11
ABI-L1b-RadC,2022,321,13
ABI-L1b-RadC,2022,187,2
ABI-L1b-RadC,2022,230,15
ABI-L1b-RadC,2023,276,16
ABI-L1b-RadC,2022,19,1
ABI-L1b-RadC,2022,189,1
ABI-L1b-RadC,2022,288,8
ABI-L1b-RadC,2022,346,14
ABI-L1b-RadC,2023,168,22
ABI-L1b-RadC,2023,157,13
ABI-L1b-RadC,2023,281,8
ABI-L1b-RadC,2023,177,20
ABI-L1b-RadC,2023,316,0
ABI-L1b-RadC,2023,186,13
ABI-L1b-RadC,2022,120,18
ABI-L1b-RadC,2022,77,6
ABI-L1b-RadC,2023,129,12
ABI-L1b-RadC,2022,155,18
ABI-L1b-RadC,2022,164,11
ABI-L1b-RadC,2023,349,20
ABI-L1b-RadC,2022,360,12
ABI-L1b-RadC,2023,248,8
ABI-L1b-RadC,2022,14,12
ABI-L1b-RadC,2023,107,9
ABI-L1b-RadC,2023,162,3
ABI-L1b-RadC,2022,112,13
ABI-L1b-RadC,2023,6,12
ABI-L1b-RadC,2022,168,0
ABI-L1b-RadC,2023,190,18
ABI-L1b-RadC,2023,93,11
ABI-L1b-RadC,2023,324,13
ABI-L1b-RadC,2022,262,13
ABI-L1b-RadC,2023,228,19
ABI-L1b-RadC,2023,186,14
ABI-L1b-RadC,2022,55,11
ABI-L1b-RadC,2023,270,20
ABI-L1b-RadC,2022,88,23
ABI-L1b-RadC,2022,104,17
ABI-L1b-RadC,2023,189,8
ABI-L1b-RadC,2023,345,18
ABI-L1b-RadC,2022,56,18
ABI-L1b-RadC,2022,22,13
ABI-L1b-RadC,2023,143,3
ABI-L1b-RadC,2023,243,19
ABI-L1b-RadC,2022,32,11
ABI-L1b-RadC,2022,329,6
ABI-L1b-RadC,2023,360,20
ABI-L1b-RadC,2023,307,13
ABI-L1b-RadC,2023,74,13
ABI-L1b-RadC,2022,152,4
ABI-L1b-RadC,2023,111,22
ABI-L1b-RadC,2023,300,19
ABI-L1b-RadC,2022,69,23
ABI-L1b-RadC,2023,13,23
ABI-L1b-RadC,2022,308,7
ABI-L1b-RadC,2023,73,6
ABI-L1b-RadC,2023,143,19
ABI-L1b-RadC,2022,217,22
ABI-L1b-RadC,2022,364,13
ABI-L1b-RadC,2022,107,10
ABI-L1b-RadC,2022,188,22
ABI-L1b-RadC,2023,209,4
ABI-L1b-RadC,2022,204,7
ABI-L1b-RadC,2022,68,23
ABI-L1b-RadC,2023,330,11
ABI-L1b-RadC,2022,8,23
ABI-L1b-RadC,2022,260,17
ABI-L1b-RadC,2022,182,11
ABI-L1b-RadC,2022,265,17
ABI-L1b-RadC,2023,192,9
ABI-L1b-RadC,2022,299,15
ABI-L1b-RadC,2023,299,22
ABI-L1b-RadC,2023,28,8
ABI-L1b-RadC,2022,88,23
ABI-L1b-RadC,2023,71,13
ABI-L1b-RadC,2022,280,7
ABI-L1b-RadC,2023,277,10
ABI-L1b-RadC,2022,35,0
ABI-L1b-RadC,2022,48,1
ABI-L1b-RadC,2023,358,8
ABI-L1b-RadC,2023,78,3
ABI-L1b-RadC,2023,235,7
ABI-L1b-RadC,2022,111,2
ABI-L1b-RadC,2022,321,16
ABI-L1b-RadC,2023,116,2
ABI-L1b-RadC,2023,226,11
ABI-L1b-RadC,2023,168,10
ABI-L1b-RadC,2022,15,9
ABI-L1b-RadC,2023,131,11
ABI-L1b-RadC,2023,218,13
ABI-L1b-RadC,2023,324,23
ABI-L1b-RadC,2023,84,22
ABI-L1b-RadC,2023,162,4
ABI-L1b-RadC,2022,258,2
ABI-L1b-RadC,2022,287,13
ABI-L1b-RadC,2023,89,4
ABI-L1b-RadC,2022,22,2
ABI-L1b-RadC,2023,231,3
ABI-L1b-RadC,2023,128,9
ABI-L1b-RadC,2022,36,23
ABI-L1b-RadC,2023,345,11
ABI-L1b-RadC,2023,37,20
ABI-L1b-RadC,2022,243,3
ABI-L1b-RadC,2023,102,10
ABI-L1b-RadC,2023,211,9
ABI-L1b-RadC,2023,176,18
ABI-L1b-RadC,2022,53,19
ABI-L1b-RadC,2022,203,15
ABI-L1b-RadC,2023,224,8
ABI-L1b-RadC,2023,32,4
ABI-L1b-RadC,2022,361,14
ABI-L1b-RadC,2022,222,19
ABI-L1b-RadC,2023,174,3
ABI-L1b-RadC,2023,259,6
ABI-L1b-RadC,2022,7,7
ABI-L1b-RadC,2022,341,0
ABI-L1b-RadC,2023,298,19
ABI-L1b-RadC,2023,228,20
ABI-L1b-RadC,2023,263,4
ABI-L1b-RadC,2023,310,17
ABI-L1b-RadC,2023,83,20
ABI-L1b-RadC,2023,147,2
ABI-L1b-RadC,2023,84,11
ABI-L1b-RadC,2023,225,7
ABI-L1b-RadC,2022,55,5
ABI-L1b-RadC,2022,162,22
ABI-L1b-RadC,2023,275,17
ABI-L1b-RadC,2022,168,17
ABI-L1b-RadC,2023,350,4
ABI-L1b-RadC,2022,103,11
ABI-L1b-RadC,2022,199,6
ABI-L1b-RadC,2023,168,17
ABI-L1b-RadC,2022,129,12
ABI-L1b-RadC,2023,191,2
ABI-L1b-RadC,2023,116,10
ABI-L1b-RadC,2023,31,16
ABI-L1b-RadC,2023,293,17
ABI-L1b-RadC,2022,355,5
ABI-L1b-RadC,2022,21,8
ABI-L1b-RadC,2023,287,21
ABI-L1b-RadC,2022,307,12
ABI-L1b-RadC,2022,346,0
ABI-L1b-RadC,2022,216,5
ABI-L1b-RadC,2023,23,0
ABI-L1b-RadC,2023,275,23
ABI-L1b-RadC,2022,208,12
ABI-L1b-RadC,2022,221,11
ABI-L1b-RadC,2023,313,21
ABI-L1b-RadC,2022,257,17
ABI-L1b-RadC,2022,137,2
ABI-L1b-RadC,2023,65,7
ABI-L1b-RadC,2023,16,2
ABI-L1b-RadC,2023,324,17
ABI-L1b-RadC,2022,165,3
ABI-L1b-RadC,2022,310,12
ABI-L1b-RadC,2022,364,19
ABI-L1b-RadC,2022,112,22
ABI-L1b-RadC,2022,113,14
ABI-L1b-RadC,2023,179,13
ABI-L1b-RadC,2023,344,12
ABI-L1b-RadC,2023,197,0
ABI-L1b-RadC,2023,227,19
ABI-L1b-RadC,2022,51,14
ABI-L1b-RadC,2022,215,5
ABI-L1b-RadC,2022,74,18
ABI-L1b-RadC,2022,100,11
ABI-L1b-RadC,2022,340,1
ABI-L1b-RadC,2023,289,0
ABI-L1b-RadC,2023,246,4
ABI-L1b-RadC,2023,59,23
ABI-L1b-RadC,2022,77,17
ABI-L1b-RadC,2023,177,2
ABI-L1b-RadC,2023,294,22
ABI-L1b-RadC,2023,4,20
ABI-L1b-RadC,2023,187,6
ABI-L1b-RadC,2022,358,16
ABI-L1b-RadC,2023,301,20
ABI-L1b-RadC,2022,32,1
ABI-L1b-RadC,2023,226,5
ABI-L1b-RadC,2022,44,2
ABI-L1b-RadC,2023,102,5
ABI-L1b-RadC,2022,245,10
ABI-L1b-RadC,2022,111,16
ABI-L1b-RadC,2022,213,8
ABI-L1b-RadC,2023,263,22
ABI-L1b-RadC,2022,150,5
ABI-L1b-RadC,2023,265,19
ABI-L1b-RadC,2022,111,5
ABI-L1b-RadC,2023,237,10
ABI-L1b-RadC,2022,328,7
ABI-L1b-RadC,2022,14,17
ABI-L1b-RadC,2023,363,0
ABI-L1b-RadC,2022,359,12
ABI-L1b-RadC,2023,216,12
ABI-L1b-RadC,2022,339,5
ABI-L1b-RadC,2023,354,21
ABI-L1b-RadC,2023,258,4
ABI-L1b-RadC,2023,54,15
ABI-L1b-RadC,2023,176,23
ABI-L1b-RadC,2022,108,23
ABI-L1b-RadC,2022,306,21
ABI-L1b-RadC,2022,348,6
ABI-L1b-RadC,2023,255,23
ABI-L1b-RadC,2023,77,7
ABI-L1b-RadC,2022,63,0
ABI-L1b-RadC,2023,117,12
ABI-L1b-RadC,2022,67,20
ABI-L1b-RadC,2022,90,6
ABI-L1b-RadC,2023,294,23
ABI-L1b-RadC,2023,47,15
ABI-L1b-RadC,2023,305,20
ABI-L1b-RadC,2023,166,15
ABI-L1b-RadC,2022,336,8
ABI-L1b-RadC,2023,318,13
ABI-L1b-RadC,2022,351,6
ABI-L1b-RadC,2022,247,2
ABI-L1b-RadC,2023,162,8
ABI-L1b-RadC,2022,235,17
ABI-L1b-RadC,2022,201,2
ABI-L1b-RadC,2023,242,0
ABI-L1b-RadC,2023,237,18
ABI-L1b-RadC,2022,249,23
ABI-L1b-RadC,2022,354,11
ABI-L1b-RadC,2023,114,11
ABI-L1b-RadC,2022,95,1
ABI-L1b-RadC,2022,340,9
ABI-L1b-RadC,2022,330,8
ABI-L1b-RadC,2022,257,15
ABI-L1b-RadC,2022,239,15
ABI-L1b-RadC,2023,62,6
ABI-L1b-RadC,2023,157,9
ABI-L1b-RadC,2022,73,0
ABI-L1b-RadC,2023,14,22
ABI-L1b-RadC,2022,59,14
ABI-L1b-RadC,2023,304,23
ABI-L1b-RadC,2023,137,16
ABI-L1b-RadC,2023,333,3
ABI-L1b-RadC,2022,36,2
ABI-L1b-RadC,2023,131,19
ABI-L1b-RadC,2023,258,13
ABI-L1b-RadC,2023,183,20
ABI-L1b-RadC,2022,233,3
ABI-L1b-RadC,2022,249,23
ABI-L1b-RadC,2022,92,10
ABI-L1b-RadC,2022,220,5
ABI-L1b-RadC,2022,313,11
ABI-L1b-RadC,2022,234,7
ABI-L1b-RadC,2022,282,23
ABI-L1b-RadC,2022,293,3
ABI-L1b-RadC,2023,86,10
ABI-L1b-RadC,2023,309,20
ABI-L1b-RadC,2023,350,5
ABI-L1b-RadC,2023,310,16
ABI-L1b-RadC,2023,19,17
ABI-L1b-RadC,2022,219,16
ABI-L1b-RadC,2023,114,10
ABI-L1b-RadC,2022,43,21
ABI-L1b-RadC,2022,363,20
ABI-L1b-RadC,2022,74,5
ABI-L1b-RadC,2023,84,4
ABI-L1b-RadC,2023,266,7
ABI-L1b-RadC,2023,159,16
ABI-L1b-RadC,2022,319,5
ABI-L1b-RadC,2022,308,16
ABI-L1b-RadC,2023,351,6
ABI-L1b-RadC,2023,184,15
ABI-L1b-RadC,2022,353,6
ABI-L1b-RadC,2022,259,1
ABI-L1b-RadC,2022,3,4
ABI-L1b-RadC,2023,294,20
ABI-L1b-RadC,2023,235,4
ABI-L1b-RadC,2022,315,20
ABI-L1b-RadC,2022,292,4
ABI-L1b-RadC,2022,192,1
ABI-L1b-RadC,2023,243,9
ABI-L1b-RadC,2022,177,4
ABI-L1b-RadC,2023,35,9
ABI-L1b-RadC,2022,97,4
ABI-L1b-RadC,2023,236,11
ABI-L1b-RadC,2022,188,15
ABI-L1b-RadC,2023,174,5
ABI-L1b-RadC,2023,210,7
ABI-L1b-RadC,2022,32,2
ABI-L1b-RadC,2023,45,11
ABI-L1b-RadC,2023,10,21
ABI-L1b-RadC,2023,163,2
ABI-L1b-RadC,2023,85,15
ABI-L1b-RadC,2023,231,11
ABI-L1b-RadC,2023,164,9
ABI-L1b-RadC,2023,70,6
ABI-L1b-RadC,2022,338,15
ABI-L1b-RadC,2023,114,0
ABI-L1b-RadC,2022,77,3
ABI-L1b-RadC,2023,357,19
ABI-L1b-RadC,2022,216,11
ABI-L1b-RadC,2022,140,2
ABI-L1b-RadC,2023,130,3
ABI-L1b-RadC,2023,6,10
ABI-L1b-RadC,2022,333,0
ABI-L1b-RadC,2022,180,2
ABI-L1b-RadC,2022,152,19
ABI-L1b-RadC,2023,259,8
ABI-L1b-RadC,2023,315,10
ABI-L1b-RadC,2023,352,17
ABI-L1b-RadC,2022,125,3
ABI-L1b-RadC,2022,220,12
ABI-L1b-RadC,2022,61,7
ABI-L1b-RadC,2023,57,18
ABI-L1b-RadC,2022,342,17
ABI-L1b-RadC,2022,305,19
ABI-L1b-RadC,2023,357,17
ABI-L1b-RadC,2023,237,7
ABI-L1b-RadC,2022,353,7
ABI-L1b-RadC,2022,55,6
ABI-L1b-RadC,2023,158,9
ABI-L1b-RadC,2023,326,19
ABI-L1b-RadC,2023,249,18
ABI-L1b-RadC,2022,111,21
ABI-L1b-RadC,2023,237,10
ABI-L1b-RadC,2023,303,11
ABI-L1b-RadC,2022,28,9
ABI-L1b-RadC,2023,90,15
ABI-L1b-RadC,2022,140,12
ABI-L1b-RadC,2023,286,19
ABI-L1b-RadC,2022,241,9
ABI-L1b-RadC,2023,148,10
ABI-L1b-RadC,2023,66,19
ABI-L1b-RadC,2022,208,7
ABI-L1b-RadC,2023,265,1
ABI-L1b-RadC,2022,63,12
ABI-L1b-RadC,2023,154,12
ABI-L1b-RadC,2022,28,6
ABI-L1b-RadC,2022,70,11
ABI-L1b-RadC,2022,239,20
ABI-L1b-RadC,2023,322,14
ABI-L1b-RadC,2022,160,14
ABI-L1b-RadC,2022,194,11
ABI-L1b-RadC,2022,295,20
ABI-L1b-RadC,2023,222,5
ABI-L1b-RadC,2022,103,15
ABI-L1b-RadC,2023,68,14
ABI-L1b-RadC,2023,104,23
ABI-L1b-RadC,2023,284,17
ABI-L1b-RadC,2022,269,18
ABI-L1b-RadC,2022,4,22
ABI-L1b-RadC,2022,285,12
ABI-L1b-RadC,2022,207,20
ABI-L1b-RadC,2023,301,20
ABI-L1b-RadC,2022,305,14
ABI-L1b-RadC,2022,143,6
ABI-L1b-RadC,2022,289,16
ABI-L1b-RadC,2023,298,14
ABI-L1b-RadC,2023,339,9
ABI-L1b-RadC,2023,37,3
ABI-L1b-RadC,2023,147,6
ABI-L1b-RadC,2022,41,23
ABI-L1b-RadC,2022,12,0
ABI-L1b-RadC,2022,339,11
ABI-L1b-RadC,2022,64,16
ABI-L1b-RadC,2022,354,4
ABI-L1b-RadC,2022,5,17
ABI-L1b-RadC,2022,272,6
ABI-L1b-RadC,2023,40,20
ABI-L1b-RadC,2022,69,1
ABI-L1b-RadC,2023,361,0
ABI-L1b-RadC,2022,306,6
ABI-L1b-RadC,2023,145,4
ABI-L1b-RadC,2022,151,11
ABI-L1b-RadC,2023,314,4
ABI-L1b-RadC,2023,333,23
ABI-L1b-RadC,2023,331,7
ABI-L1b-RadC,2023,311,4
ABI-L1b-RadC,2023,15,5
ABI-L1b-RadC,2022,64,2
ABI-L1b-RadC,2023,48,16
ABI-L1b-RadC,2023,242,2
ABI-L1b-RadC,2023,279,20
ABI-L1b-RadC,2022,56,4
ABI-L1b-RadC,2023,131,1
ABI-L1b-RadC,2022,352,17
ABI-L1b-RadC,2022,11,8
ABI-L1b-RadC,2023,34,23
ABI-L1b-RadC,2023,219,8
ABI-L1b-RadC,2023,330,11
ABI-L1b-RadC,2023,242,2
ABI-L1b-RadC,2022,297,3
ABI-L1b-RadC,2023,285,22
ABI-L1b-RadC,2023,362,4
ABI-L1b-RadC,2023,313,15
ABI-L1b-RadC,2023,78,20
ABI-L1b-RadC,2022,30,23
ABI-L1b-RadC,2023,230,20
ABI-L1b-RadC,2023,218,21
ABI-L1b-RadC,2022,349,10
ABI-L1b-RadC,2023,324,11
ABI-L1b-RadC,2023,85,23
ABI-L1b-RadC,2022,92,17
ABI-L1b-RadC,2022,322,18
ABI-L1b-RadC,2022,242,19
ABI-L1b-RadC,2023,354,7
ABI-L1b-RadC,2023,153,23
ABI-L1b-RadC,2022,193,16
ABI-L1b-RadC,2022,127,9
ABI-L1b-RadC,2022,79,3
ABI-L1b-RadC,2023,127,12
ABI-L1b-RadC,2023,351,2
ABI-L1b-RadC,2022,117,2
ABI-L1b-RadC,2022,346,8
ABI-L1b-RadC,2022,16,4
ABI-L1b-RadC,2022,348,21
ABI-L1b-RadC,2023,61,4
ABI-L1b-RadC,2022,338,2
ABI-L1b-RadC,2022,222,17
ABI-L1b-RadC,2023,18,5
ABI-L1b-RadC,2023,129,15
ABI-L1b-RadC,2022,91,13
ABI-L1b-RadC,2022,347,18
ABI-L1b-RadC,2022,262,13
ABI-L1b-RadC,2022,284,0
ABI-L1b-RadC,2023,120,16
ABI-L1b-RadC,2022,67,2
ABI-L1b-RadC,2023,291,9
ABI-L1b-RadC,2022,91,20
ABI-L1b-RadC,2023,72,22
ABI-L1b-RadC,2023,285,23
ABI-L1b-RadC,2022,80,15
ABI-L1b-RadC,2023,113,11
ABI-L1b-RadC,2022,358,15
ABI-L1b-RadC,2022,45,5
ABI-L1b-RadC,2023,101,18
ABI-L1b-RadC,2023,283,15
ABI-L1b-RadC,2023,227,11
ABI-L1b-RadC,2023,201,2
ABI-L1b-RadC,2023,342,2
ABI-L1b-RadC,2022,249,9
ABI-L1b-RadC,2022,225,6
ABI-L1b-RadC,2023,156,3
ABI-L1b-RadC,2022,215,21
ABI-L1b-RadC,2023,117,19
ABI-L1b-RadC,2022,232,0
ABI-L1b-RadC,2022,322,19
ABI-L1b-RadC,2023,168,5
ABI-L1b-RadC,2022,32,23
ABI-L1b-RadC,2023,364,10
ABI-L1b-RadC,2022,191,0
ABI-L1b-RadC,2022,5,4
ABI-L1b-RadC,2022,69,21
ABI-L1b-RadC,2022,219,1
ABI-L1b-RadC,2023,259,12
ABI-L1b-RadC,2023,264,11
ABI-L1b-RadC,2023,65,3
ABI-L1b-RadC,2023,289,23
ABI-L1b-RadC,2022,112,12
ABI-L1b-RadC,2022,68,13
ABI-L1b-RadC,2023,62,19
ABI-L1b-RadC,2022,355,3
ABI-L1b-RadC,2023,143,6
ABI-L1b-RadC,2023,295,8
ABI-L1b-RadC,2022,326,15
ABI-L1b-RadC,2023,23,13
ABI-L1b-RadC,2022,294,10
ABI-L1b-RadC,2023,101,3
ABI-L1b-RadC,2022,47,14
ABI-L1b-RadC,2022,62,2
ABI-L1b-RadC,2023,183,7
ABI-L1b-RadC,2023,8,4
ABI-L1b-RadC,2022,2,14
ABI-L1b-RadC,2023,97,3
ABI-L1b-RadC,2023,27,5
ABI-L1b-RadC,2023,310,20
ABI-L1b-RadC,2022,250,3
ABI-L1b-RadC,2022,334,15
ABI-L1b-RadC,2023,42,1
ABI-L1b-RadC,2023,54,0
ABI-L1b-RadC,2022,69,18
ABI-L1b-RadC,2022,114,17
ABI-L1b-RadC,2022,27,16
ABI-L1b-RadC,2023,226,17
ABI-L1b-RadC,2023,145,17
ABI-L1b-RadC,2023,239,17
ABI-L1b-RadC,2023,159,5
ABI-L1b-RadC,2023,146,11
ABI-L1b-RadC,2022,60,0
ABI-L1b-RadC,2022,174,16
ABI-L1b-RadC,2023,67,0
ABI-L1b-RadC,2023,37,20
ABI-L1b-RadC,2023,173,1
ABI-L1b-RadC,2022,254,18
ABI-L1b-RadC,2023,280,7
ABI-L1b-RadC,2023,282,8
ABI-L1b-RadC,2023,63,5
ABI-L1b-RadC,2023,252,12
ABI-L1b-RadC,2023,13,9
ABI-L1b-RadC,2022,160,2
ABI-L1b-RadC,2022,352,22
ABI-L1b-RadC,2022,47,17
ABI-L1b-RadC,2022,88,21
ABI-L1b-RadC,2022,292,5
ABI-L1b-RadC,2022,220,21
ABI-L1b-RadC,2023,247,16
ABI-L1b-RadC,2022,265,12
ABI-L1b-RadC,2023,188,9
ABI-L1b-RadC,2023,82,15
ABI-L1b-RadC,2023,106,16
ABI-L1b-RadC,2022,176,4
ABI-L1b-RadC,2022,83,20
ABI-L1b-RadC,2022,172,14
ABI-L1b-RadC,2022,280,5
ABI-L1b-RadC,2023,208,7
ABI-L1b-RadC,2022,333,6
ABI-L1b-RadC,2023,30,15
ABI-L1b-RadC,2022,23,11
ABI-L1b-RadC,2022,66,10
ABI-L1b-RadC,2022,298,7
ABI-L1b-RadC,2023,327,16
ABI-L1b-RadC,2022,226,22
ABI-L1b-RadC,2023,292,4
ABI-L1b-RadC,2022,202,20
ABI-L1b-RadC,2023,23,3
ABI-L1b-RadC,2023,48,14
ABI-L1b-RadC,2022,76,8
ABI-L1b-RadC,2022,56,20
ABI-L1b-RadC,2022,335,1
ABI-L1b-RadC,2023,260,4
ABI-L1b-RadC,2023,45,9
ABI-L1b-RadC,2022,263,14
ABI-L1b-RadC,2022,30,16
ABI-L1b-RadC,2022,287,22
ABI-L1b-RadC,2023,175,6
ABI-L1b-RadC,2023,93,5
ABI-L1b-RadC,2023,274,5
ABI-L1b-RadC,2023,330,23
ABI-L1b-RadC,2023,350,13
ABI-L1b-RadC,2022,286,5
ABI-L1b-RadC,2022,300,0
ABI-L1b-RadC,2023,139,12
ABI-L1b-RadC,2022,227,13
ABI-L1b-RadC,2022,99,0
ABI-L1b-RadC,2022,164,16
ABI-L1b-RadC,2022,348,9
ABI-L1b-RadC,2023,293,20
ABI-L1b-RadC,2022,32,10
ABI-L1b-RadC,2023,358,1
ABI-L1b-RadC,2022,55,23
ABI-L1b-RadC,2023,271,19
ABI-L1b-RadC,2023,121,23
ABI-L1b-RadC,2022,263,14
ABI-L1b-RadC,2022,10,11
ABI-L1b-RadC,2023,49,6
ABI-L1b-RadC,2023,295,2
ABI-L1b-RadC,2023,193,13
ABI-L1b-RadC,2022,316,18
ABI-L1b-RadC,2022,130,0
ABI-L1b-RadC,2022,208,15
ABI-L1b-RadC,2022,39,15
ABI-L1b-RadC,2023,92,20
ABI-L1b-RadC,2022,248,17
ABI-L1b-RadC,2023,148,15
ABI-L1b-RadC,2022,127,3
ABI-L1b-RadC,2023,67,0
ABI-L1b-RadC,2023,240,16
ABI-L1b-RadC,2023,276,18
ABI-L1b-RadC,2022,100,2
ABI-L1b-RadC,2022,339,19
ABI-L1b-RadC,2022,218,3
ABI-L1b-RadC,2023,91,8
ABI-L1b-RadC,2022,347,7
ABI-L1b-RadC,2022,156,13
ABI-L1b-RadC,2023,151,20
ABI-L1b-RadC,2022,69,13
ABI-L1b-RadC,2023,152,23
ABI-L1b-RadC,2022,349,7
ABI-L1b-RadC,2023,135,5
ABI-L1b-RadC,2022,40,8
ABI-L1b-RadC,2022,192,0
ABI-L1b-RadC,2023,279,19
ABI-L1b-RadC,2022,340,8
ABI-L1b-RadC,2022,314,4
ABI-L1b-RadC,2023,136,5
ABI-L1b-RadC,2022,316,3
ABI-L1b-RadC,2022,169,11
ABI-L1b-RadC,2022,93,18
ABI-L1b-RadC,2023,63,14
ABI-L1b-RadC,2023,226,0
ABI-L1b-RadC,2022,285,18
ABI-L1b-RadC,2022,286,22
ABI-L1b-RadC,2023,145,4
ABI-L1b-RadC,2022,151,0
ABI-L1b-RadC,2022,42,9
ABI-L1b-RadC,2022,85,11
ABI-L1b-RadC,2023,322,5
ABI-L1b-RadC,2022,208,19
ABI-L1b-RadC,2022,84,20
ABI-L1b-RadC,2023,274,2
ABI-L1b-RadC,2023,270,6
ABI-L1b-RadC,2023,288,22
ABI-L1b-RadC,2023,121,0
ABI-L1b-RadC,2022,246,17
ABI-L1b-RadC,2022,359,22
ABI-L1b-RadC,2023,39,22
ABI-L1b-RadC,2023,328,12
ABI-L1b-RadC,2023,235,13
ABI-L1b-RadC,2022,197,4
ABI-L1b-RadC,2022,190,23
ABI-L1b-RadC,2022,336,8
ABI-L1b-RadC,2023,212,13
ABI-L1b-RadC,2023,148,15
ABI-L1b-RadC,2023,250,21
ABI-L1b-RadC,2023,48,1
ABI-L1b-RadC,2023,347,7
ABI-L1b-RadC,2023,74,22
ABI-L1b-RadC,2023,164,21
ABI-L1b-RadC,2023,170,6
ABI-L1b-RadC,2023,309,1
ABI-L1b-RadC,2023,205,13
ABI-L1b-RadC,2022,236,18
ABI-L1b-RadC,2023,92,15
ABI-L1b-RadC,2022,203,3
ABI-L1b-RadC,2022,218,19
ABI-L1b-RadC,2023,276,16
ABI-L1b-RadC,2022,142,18
ABI-L1b-RadC,2022,348,20
ABI-L1b-RadC,2022,276,13
ABI-L1b-RadC,2023,259,23
ABI-L1b-RadC,2022,292,12
ABI-L1b-RadC,2023,78,5
ABI-L1b-RadC,2022,13,1
ABI-L1b-RadC,2022,14,1
ABI-L1b-RadC,2022,156,11
ABI-L1b-RadC,2022,229,6
ABI-L1b-RadC,2023,299,0
ABI-L1b-RadC,2022,333,22
ABI-L1b-RadC,2023,294,15
ABI-L1b-RadC,2023,50,11
ABI-L1b-RadC,2022,151,18
ABI-L1b-RadC,2023,40,5
ABI-L1b-RadC,2022,271,15
ABI-L1b-RadC,2022,142,12
ABI-L1b-RadC,2022,165,23
ABI-L1b-RadC,2023,330,16
ABI-L1b-RadC,2022,210,15
ABI-L1b-RadC,2023,53,13
ABI-L1b-RadC,2023,352,19
ABI-L1b-RadC,2023,7,12
ABI-L1b-RadC,2023,85,1
ABI-L1b-RadC,2022,22,4
ABI-L1b-RadC,2022,263,20
ABI-L1b-RadC,2022,214,21
ABI-L1b-RadC,2023,63,14
ABI-L1b-RadC,2023,268,18
ABI-L1b-RadC,2022,106,6
ABI-L1b-RadC,2023,224,2
ABI-L1b-RadC,2023,292,7
ABI-L1b-RadC,2023,159,20
ABI-L1b-RadC,2022,361,4
ABI-L1b-RadC,2022,296,6
ABI-L1b-RadC,2022,253,22
ABI-L1b-RadC,2023,188,1
ABI-L1b-RadC,2023,39,20
ABI-L1b-RadC,2023,353,23
ABI-L1b-RadC,2022,299,16
ABI-L1b-RadC,2023,106,12
ABI-L1b-RadC,2023,199,0
ABI-L1b-RadC,2022,108,16
ABI-L1b-RadC,2022,194,4
ABI-L1b-RadC,2023,207,1
ABI-L1b-RadC,2022,52,15
ABI-L1b-RadC,2022,365,14
ABI-L1b-RadC,2022,87,19
ABI-L1b-RadC,2023,258,20
ABI-L1b-RadC,2022,141,14
ABI-L1b-RadC,2023,339,3
ABI-L1b-RadC,2023,9,1
ABI-L1b-RadC,2023,165,6
ABI-L1b-RadC,2022,330,22
ABI-L1b-RadC,2023,363,21
ABI-L1b-RadC,2023,157,23
ABI-L1b-RadC,2022,118,15
ABI-L1b-RadC,2022,354,1
ABI-L1b-RadC,2022,321,16
ABI-L1b-RadC,2023,12,7
ABI-L1b-RadC,2022,242,3
ABI-L1b-RadC,2022,128,2
ABI-L1b-RadC,2022,174,2
ABI-L1b-RadC,2022,67,4
ABI-L1b-RadC,2022,335,0
ABI-L1b-RadC,2023,306,17
ABI-L1b-RadC,2022,12,20
ABI-L1b-RadC,2023,334,11
ABI-L1b-RadC,2022,290,0
ABI-L1b-RadC,2023,205,16
ABI-L1b-RadC,2022,317,12
ABI-L1b-RadC,2022,300,8
ABI-L1b-RadC,2022,331,10
ABI-L1b-RadC,2022,185,21
ABI-L1b-RadC,2023,186,17
ABI-L1b-RadC,2023,10,9
ABI-L1b-RadC,2023,95,18
ABI-L1b-RadC,2022,309,7
ABI-L1b-RadC,2023,58,7
ABI-L1b-RadC,2022,19,20
ABI-L1b-RadC,2023,201,11
ABI-L1b-RadC,2023,343,8
ABI-L1b-RadC,2023,246,2
ABI-L1b-RadC,2023,266,1
ABI-L1b-RadC,2023,20,21
ABI-L1b-RadC,2022,35,8
ABI-L1b-RadC,2023,253,7
ABI-L1b-RadC,2023,188,3
ABI-L1b-RadC,2022,256,7
ABI-L1b-RadC,2022,13,21
ABI-L1b-RadC,2023,5,1
ABI-L1b-RadC,2022,134,7
ABI-L1b-RadC,2023,23,19
ABI-L1b-RadC,2023,264,23
ABI-L1b-RadC,2022,297,23
ABI-L1b-RadC,2023,335,18
ABI-L1b-RadC,2022,213,10
ABI-L1b-RadC,2022,151,2
ABI-L1b-RadC,2023,130,19
ABI-L1b-RadC,2022,97,4
ABI-L1b-RadC,2022,103,18
ABI-L1b-RadC,2023,279,12
ABI-L1b-RadC,2022,6,3
ABI-L1b-RadC,2023,273,23
ABI-L1b-RadC,2022,320,6
ABI-L1b-RadC,2023,51,20
ABI-L1b-RadC,2023,266,19
ABI-L1b-RadC,2023,251,8
ABI-L1b-RadC,2022,254,9
ABI-L1b-RadC,2023,167,13
ABI-L1b-RadC,2022,108,6
ABI-L1b-RadC,2022,77,12
ABI-L1b-RadC,2022,22,2
ABI-L1b-RadC,2023,14,12
ABI-L1b-RadC,2022,338,17
ABI-L1b-RadC,2022,298,0
ABI-L1b-RadC,2022,332,15
ABI-L1b-RadC,2022,190,4
ABI-L1b-RadC,2022,173,5
ABI-L1b-RadC,2023,198,11
ABI-L1b-RadC,2023,316,17
ABI-L1b-RadC,2023,172,18
ABI-L1b-RadC,2023,286,19
ABI-L1b-RadC,2022,267,12
ABI-L1b-RadC,2022,239,5
ABI-L1b-RadC,2023,286,10
ABI-L1b-RadC,2023,28,5
ABI-L1b-RadC,2023,112,15
ABI-L1b-RadC,2022,289,4
ABI-L1b-RadC,2023,152,21
ABI-L1b-RadC,2022,338,21
ABI-L1b-RadC,2023,24,9
ABI-L1b-RadC,2022,349,3
ABI-L1b-RadC,2023,210,16
ABI-L1b-RadC,2023,151,10
ABI-L1b-RadC,2022,64,19
ABI-L1b-RadC,2022,159,12
ABI-L1b-RadC,2023,117,8
ABI-L1b-RadC,2022,262,3
ABI-L1b-RadC,2023,294,20
ABI-L1b-RadC,2022,113,8
ABI-L1b-RadC,2023,156,12
ABI-L1b-RadC,2023,244,9
ABI-L1b-RadC,2022,263,9
ABI-L1b-RadC,2022,64,5
ABI-L1b-RadC,2022,62,4
ABI-L1b-RadC,2023,4,17
ABI-L1b-RadC,2023,284,16
ABI-L1b-RadC,2023,281,18
ABI-L1b-RadC,2022,5,22
ABI-L1b-RadC,2023,153,4
ABI-L1b-RadC,2023,40,4
ABI-L1b-RadC,2023,149,10
ABI-L1b-RadC,2023,164,1
ABI-L1b-RadC,2023,225,8
ABI-L1b-RadC,2022,270,20
ABI-L1b-RadC,2022,308,18
ABI-L1b-RadC,2023,335,21
ABI-L1b-RadC,2022,354,15
ABI-L1b-RadC,2022,52,22
ABI-L1b-RadC,2022,97,0
ABI-L1b-RadC,2022,7,9
ABI-L1b-RadC,2023,63,14
ABI-L1b-RadC,2023,75,12
ABI-L1b-RadC,2022,242,20
ABI-L1b-RadC,2023,308,10
ABI-L1b-RadC,2022,297,10
ABI-L1b-RadC,2023,246,5
ABI-L1b-RadC,2022,11,18
ABI-L1b-RadC,2022,109,4
ABI-L1b-RadC,2023,322,9
ABI-L1b-RadC,2023,205,20
ABI-L1b-RadC,2022,193,10
ABI-L1b-RadC,2023,207,19
ABI-L1b-RadC,2023,276,10
ABI-L1b-RadC,2022,201,2
ABI-L1b-RadC,2022,318,10
ABI-L1b-RadC,2023,121,12
ABI-L1b-RadC,2022,29,6
ABI-L1b-RadC,2023,149,1
ABI-L1b-RadC,2022,300,3
ABI-L1b-RadC,2023,250,7
ABI-L1b-RadC,2022,185,17
ABI-L1b-RadC,2023,72,18
ABI-L1b-RadC,2023,56,21
ABI-L1b-RadC,2022,166,1
ABI-L1b-RadC,2023,301,17
ABI-L1b-RadC,2022,310,4
ABI-L1b-RadC,2023,146,18
ABI-L1b-RadC,2022,81,20
ABI-L1b-RadC,2023,261,19
ABI-L1b-RadC,2023,362,5
ABI-L1b-RadC,2023,330,7
ABI-L1b-RadC,2023,352,9
ABI-L1b-RadC,2023,54,22
ABI-L1b-RadC,2023,277,16
ABI-L1b-RadC,2022,51,3
ABI-L1b-RadC,2022,226,1
ABI-L1b-RadC,2023,83,22
ABI-L1b-RadC,2023,308,2
ABI-L1b-RadC,2023,141,16
ABI-L1b-RadC,2023,225,19
ABI-L1b-RadC,2022,249,20
ABI-L1b-RadC,2023,343,13
ABI-L1b-RadC,2022,171,16
ABI-L1b-RadC,2023,310,15
ABI-L1b-RadC,2023,122,14
ABI-L1b-RadC,2022,362,12
ABI-L1b-RadC,2023,358,1
ABI-L1b-RadC,2023,109,20
ABI-L1b-RadC,2023,189,1
ABI-L1b-RadC,2023,118,1
ABI-L1b-RadC,2022,196,23
ABI-L1b-RadC,2022,63,0
ABI-L1b-RadC,2022,340,5
ABI-L1b-RadC,2022,215,1
ABI-L1b-RadC,2022,260,9
ABI-L1b-RadC,2022,324,22
ABI-L1b-RadC,2022,38,10
ABI-L1b-RadC,2022,68,3
ABI-L1b-RadC,2023,265,13
ABI-L1b-RadC,2022,241,19
ABI-L1b-RadC,2023,319,18
ABI-L1b-RadC,2022,143,10
ABI-L1b-RadC,2023,173,7
ABI-L1b-RadC,2023,20,7
ABI-L1b-RadC,2023,353,11
ABI-L1b-RadC,2023,88,6
ABI-L1b-RadC,2022,269,18
ABI-L1b-RadC,2022,225,4
ABI-L1b-RadC,2023,90,0
ABI-L1b-RadC,2022,183,21
ABI-L1b-RadC,2022,157,10
ABI-L1b-RadC,2023,214,20
ABI-L1b-RadC,2023,349,0
ABI-L1b-RadC,2023,318,6
ABI-L1b-RadC,2022,178,11
ABI-L1b-RadC,2022,136,3
ABI-L1b-RadC,2022,363,10
ABI-L1b-RadC,2023,45,11
ABI-L1b-RadC,2022,243,9
ABI-L1b-RadC,2023,48,22
ABI-L1b-RadC,2023,260,10
ABI-L1b-RadC,2023,343,6
ABI-L1b-RadC,2022,152,5
ABI-L1b-RadC,2023,311,6
ABI-L1b-RadC,2022,49,14
ABI-L1b-RadC,2022,229,1
ABI-L1b-RadC,2022,251,18
ABI-L1b-RadC,2022,160,0
ABI-L1b-RadC,2022,262,8
ABI-L1b-RadC,2022,130,1
ABI-L1b-RadC,2022,322,3
ABI-L1b-RadC,2022,199,20
ABI-L1b-RadC,2022,8,8
ABI-L1b-RadC,2022,355,10
ABI-L1b-RadC,2023,31,14
ABI-L1b-RadC,2023,48,3
ABI-L1b-RadC,2022,352,6
ABI-L1b-RadC,2023,310,20
ABI-L1b-RadC,2023,16,8
ABI-L1b-RadC,2023,324,5
ABI-L1b-RadC,2022,144,4
ABI-L1b-RadC,2023,171,13
ABI-L1b-RadC,2023,140,1
ABI-L1b-RadC,2023,225,7
ABI-L1b-RadC,2022,119,2
ABI-L1b-RadC,2023,139,5
ABI-L1b-RadC,2022,105,9
ABI-L1b-RadC,2022,347,18
ABI-L1b-RadC,2023,77,6
ABI-L1b-RadC,2023,248,9
ABI-L1b-RadC,2022,335,15
ABI-L1b-RadC,2023,90,19
ABI-L1b-RadC,2023,230,0
ABI-L1b-RadC,2023,27,13
ABI-L1b-RadC,2022,110,7
ABI-L1b-RadC,2022,87,14
ABI-L1b-RadC,2022,218,23
ABI-L1b-RadC,2022,266,9
ABI-L1b-RadC,2022,95,4
ABI-L1b-RadC,2023,236,0
ABI-L1b-RadC,2022,78,6
ABI-L1b-RadC,2022,241,11
ABI-L1b-RadC,2022,274,2
ABI-L1b-RadC,2023,217,11
ABI-L1b-RadC,2022,257,14
ABI-L1b-RadC,2023,140,19
ABI-L1b-RadC,2022,280,4
ABI-L1b-RadC,2022,45,22
ABI-L1b-RadC,2022,45,8
ABI-L1b-RadC,2023,217,15
ABI-L1b-RadC,2022,255,0
ABI-L1b-RadC,2023,262,5
ABI-L1b-RadC,2023,13,22
ABI-L1b-RadC,2023,239,9
ABI-L1b-RadC,2022,172,0
ABI-L1b-RadC,2022,170,9
ABI-L1b-RadC,2022,266,16
ABI-L1b-RadC,2023,211,12
ABI-L1b-RadC,2022,18,11
ABI-L1b-RadC,2023,185,20
ABI-L1b-RadC,2023,363,10
ABI-L1b-RadC,2022,284,11
ABI-L1b-RadC,2023,110,10
ABI-L1b-RadC,2023,183,4
ABI-L1b-RadC,2022,275,8
ABI-L1b-RadC,2022,19,9
ABI-L1b-RadC,2023,163,6
ABI-L1b-RadC,2022,190,9
ABI-L1b-RadC,2023,26,20
ABI-L1b-RadC,2022,323,13
ABI-L1b-RadC,2022,24,14
ABI-L1b-RadC,2023,232,16
ABI-L1b-RadC,2022,142,20
ABI-L1b-RadC,2023,135,18
ABI-L1b-RadC,2022,236,16
ABI-L1b-RadC,2023,335,16
ABI-L1b-RadC,2023,318,5
ABI-L1b-RadC,2022,47,4
ABI-L1b-RadC,2023,273,12
ABI-L1b-RadC,2022,223,8
ABI-L1b-RadC,2022,155,19
ABI-L1b-RadC,2022,39,23
ABI-L1b-RadC,2023,26,6
ABI-L1b-RadC,2022,321,13
ABI-L1b-RadC,2023,350,4
ABI-L1b-RadC,2022,66,2
ABI-L1b-RadC,2022,95,19
ABI-L1b-RadC,2023,155,2
ABI-L1b-RadC,2023,101,13
ABI-L1b-RadC,2022,191,10
ABI-L1b-RadC,2022,356,3
ABI-L1b-RadC,2023,63,19
ABI-L1b-RadC,2023,223,10
ABI-L1b-RadC,2023,283,6
ABI-L1b-RadC,2023,238,14
ABI-L1b-RadC,2022,304,13
ABI-L1b-RadC,2022,362,16
ABI-L1b-RadC,2022,232,12
ABI-L1b-RadC,2022,307,7
ABI-L1b-RadC,2023,193,18
ABI-L1b-RadC,2022,265,2
ABI-L1b-RadC,2022,207,21
ABI-L1b-RadC,2023,137,23
ABI-L1b-RadC,2022,352,16
ABI-L1b-RadC,2023,64,14
ABI-L1b-RadC,2022,118,7
ABI-L1b-RadC,2023,56,19
ABI-L1b-RadC,2023,298,2
ABI-L1b-RadC,2022,49,2
ABI-L1b-RadC,2022,277,13
ABI-L1b-RadC,2023,238,10
ABI-L1b-RadC,2022,353,2
ABI-L1b-RadC,2023,102,11
ABI-L1b-RadC,2022,111,4
ABI-L1b-RadC,2022,209,15
ABI-L1b-RadC,2022,55,1
ABI-L1b-RadC,2022,119,18
ABI-L1b-RadC,2022,37,3
ABI-L1b-RadC,2023,115,12
ABI-L1b-RadC,2023,223,16
ABI-L1b-RadC,2022,7,9
ABI-L1b-RadC,2022,248,18
ABI-L1b-RadC,2023,185,10
ABI-L1b-RadC,2023,149,22
ABI-L1b-RadC,2023,118,19
ABI-L1b-RadC,2023,144,16
ABI-L1b-RadC,2023,249,16
ABI-L1b-RadC,2022,140,22
ABI-L1b-RadC,2023,51,5
ABI-L1b-RadC,2022,59,0
ABI-L1b-RadC,2023,38,0
ABI-L1b-RadC,2022,314,12
ABI-L1b-RadC,2023,258,9
ABI-L1b-RadC,2022,316,18
ABI-L1b-RadC,2023,156,21
ABI-L1b-RadC,2022,304,10
ABI-L1b-RadC,2023,205,23
ABI-L1b-RadC,2022,234,3
ABI-L1b-RadC,2023,220,13
ABI-L1b-RadC,2022,196,7
ABI-L1b-RadC,2022,38,15
ABI-L1b-RadC,2023,234,14
ABI-L1b-RadC,2022,102,21
ABI-L1b-RadC,2023,363,14
ABI-L1b-RadC,2022,274,13
ABI-L1b-RadC,2023,150,23
ABI-L1b-RadC,2022,202,14
ABI-L1b-RadC,2023,159,8
ABI-L1b-RadC,2022,17,8
ABI-L1b-RadC,2022,196,13
ABI-L1b-RadC,2022,14,7
ABI-L1b-RadC,2022,184,11
ABI-L1b-RadC,2022,199,4
ABI-L1b-RadC,2023,164,6
ABI-L1b-RadC,2023,25,6
ABI-L1b-RadC,2022,332,15
ABI-L1b-RadC,2022,43,9
ABI-L1b-RadC,2022,323,8
ABI-L1b-RadC,2022,5,18
ABI-L1b-RadC,2022,263,6
ABI-L1b-RadC,2023,216,3
ABI-L1b-RadC,2023,160,1
ABI-L1b-RadC,2022,177,21
ABI-L1b-RadC,2023,64,11
ABI-L1b-RadC,2023,125,4
ABI-L1b-RadC,2023,241,18
ABI-L1b-RadC,2023,357,19
ABI-L1b-RadC,2022,174,21
ABI-L1b-RadC,2022,3,17
ABI-L1b-RadC,2023,257,21
ABI-L1b-RadC,2023,258,22
ABI-L1b-RadC,2023,4,0
ABI-L1b-RadC,2023,69,7
ABI-L1b-RadC,2023,162,19
ABI-L1b-RadC,2022,158,2
ABI-L1b-RadC,2023,317,5
ABI-L1b-RadC,2022,219,0
ABI-L1b-RadC,2023,297,6
ABI-L1b-RadC,2022,52,19
ABI-L1b-RadC,2023,259,2
ABI-L1b-RadC,2022,236,9
ABI-L1b-RadC,2023,361,4
ABI-L1b-RadC,2022,111,7
ABI-L1b-RadC,2023,123,9
ABI-L1b-RadC,2023,34,19
ABI-L1b-RadC,2023,42,23
ABI-L1b-RadC,2022,143,12
ABI-L1b-RadC,2022,244,9
ABI-L1b-RadC,2022,299,14
ABI-L1b-RadC,2022,255,16
ABI-L1b-RadC,2022,59,1
ABI-L1b-RadC,2023,245,5
ABI-L1b-RadC,2023,358,11
ABI-L1b-RadC,2022,107,10
ABI-L1b-RadC,2022,365,5
ABI-L1b-RadC,2022,174,15
ABI-L1b-RadC,2022,329,1
ABI-L1b-RadC,2022,62,3
ABI-L1b-RadC,2022,110,8
ABI-L1b-RadC,2022,125,19
ABI-L1b-RadC,2022,218,4
ABI-L1b-RadC,2022,152,4
ABI-L1b-RadC,2022,186,15
ABI-L1b-RadC,2022,251,19
ABI-L1b-RadC,2023,153,7
ABI-L1b-RadC,2022,301,18
ABI-L1b-RadC,2022,103,16
ABI-L1b-RadC,2022,193,12
ABI-L1b-RadC,2023,260,5
ABI-L1b-RadC,2023,296,8
ABI-L1b-RadC,2022,285,1
ABI-L1b-RadC,2023,192,3
ABI-L1b-RadC,2023,354,19
ABI-L1b-RadC,2023,48,1
ABI-L1b-RadC,2022,150,3
ABI-L1b-RadC,2023,295,21
ABI-L1b-RadC,2022,51,10
ABI-L1b-RadC,2023,318,0
ABI-L1b-RadC,2022,225,23
ABI-L1b-RadC,2023,53,20
ABI-L1b-RadC,2022,101,10
ABI-L1b-RadC,2023,178,6
ABI-L1b-RadC,2022,21,11
ABI-L1b-RadC,2022,211,18
ABI-L1b-RadC,2022,46,0
ABI-L1b-RadC,2023,227,10
ABI-L1b-RadC,2022,41,20
ABI-L1b-RadC,2023,80,23
ABI-L1b-RadC,2022,306,16
ABI-L1b-RadC,2023,133,21
ABI-L1b-RadC,2022,57,1
ABI-L1b-RadC,2023,121,11
ABI-L1b-RadC,2022,16,12
ABI-L1b-RadC,2023,218,16
ABI-L1b-RadC,2023,353,2
ABI-L1b-RadC,2022,328,5
ABI-L1b-RadC,2022,97,12
ABI-L1b-RadC,2022,33,0
ABI-L1b-RadC,2022,24,6
ABI-L1b-RadC,2023,239,9
ABI-L1b-RadC,2023,327,21
ABI-L1b-RadC,2022,13,21
ABI-L1b-RadC,2022,311,7
ABI-L1b-RadC,2022,68,4
ABI-L1b-RadC,2022,334,19
ABI-L1b-RadC,2023,32,7
ABI-L1b-RadC,2022,52,2
ABI-L1b-RadC,2023,112,6
ABI-L1b-RadC,2023,245,1
ABI-L1b-RadC,2023,211,9
ABI-L1b-RadC,2023,67,4
ABI-L1b-RadC,2023,240,8
ABI-L1b-RadC,2022,256,23
ABI-L1b-RadC,2023,113,19
ABI-L1b-RadC,2023,199,20
ABI-L1b-RadC,2023,16,4
ABI-L1b-RadC,2023,51,5
ABI-L1b-RadC,2023,90,14
ABI-L1b-RadC,2022,10,10
ABI-L1b-RadC,2022,293,6
ABI-L1b-RadC,2023,149,20
ABI-L1b-RadC,2022,96,17
ABI-L1b-RadC,2022,42,23
ABI-L1b-RadC,2023,106,19
ABI-L1b-RadC,2023,356,19
ABI-L1b-RadC,2023,246,21
ABI-L1b-RadC,2023,146,13
ABI-L1b-RadC,2023,314,8
ABI-L1b-RadC,2022,80,11
ABI-L1b-RadC,2023,75,21
ABI-L1b-RadC,2023,317,4
ABI-L1b-RadC,2022,279,19
ABI-L1b-RadC,2023,286,17
ABI-L1b-RadC,2023,265,14
ABI-L1b-RadC,2023,343,16
ABI-L1b-RadC,2023,87,10
ABI-L1b-RadC,2023,137,17
ABI-L1b-RadC,2022,232,9
ABI-L1b-RadC,2023,125,1
ABI-L1b-RadC,2023,52,5
ABI-L1b-RadC,2023,98,11
ABI-L1b-RadC,2022,127,15
ABI-L1b-RadC,2023,224,9
ABI-L1b-RadC,2023,71,6
ABI-L1b-RadC,2023,207,19
ABI-L1b-RadC,2022,306,17
ABI-L1b-RadC,2023,140,7
ABI-L1b-RadC,2022,228,14
ABI-L1b-RadC,2023,130,8
ABI-L1b-RadC,2023,289,18
ABI-L1b-RadC,2022,192,12
ABI-L1b-RadC,2022,320,17
ABI-L1b-RadC,2023,50,3
ABI-L1b-RadC,2023,109,7
ABI-L1b-RadC,2023,184,21
ABI-L1b-RadC,2023,188,11
ABI-L1b-RadC,2022,36,4
ABI-L1b-RadC,2022,118,18
ABI-L1b-RadC,2023,128,12
ABI-L1b-RadC,2023,340,11
ABI-L1b-RadC,2023,325,10
ABI-L1b-RadC,2022,239,4
ABI-L1b-RadC,2022,184,23
ABI-L1b-RadC,2022,219,18
ABI-L1b-RadC,2022,66,6
ABI-L1b-RadC,2022,344,12
ABI-L1b-RadC,2022,182,21
ABI-L1b-RadC,2022,339,14
ABI-L1b-RadC,2023,54,0
ABI-L1b-RadC,2022,317,0
ABI-L1b-RadC,2022,213,3
ABI-L1b-RadC,2023,116,21
ABI-L1b-RadC,2022,167,14
ABI-L1b-RadC,2023,337,16
ABI-L1b-RadC,2023,181,9
ABI-L1b-RadC,2022,40,9
ABI-L1b-RadC,2023,172,9
ABI-L1b-RadC,2022,218,18
ABI-L1b-RadC,2022,121,15
ABI-L1b-RadC,2023,284,4
ABI-L1b-RadC,2022,175,18
ABI-L1b-RadC,2023,200,13
ABI-L1b-RadC,2022,348,13
ABI-L1b-RadC,2023,349,18
ABI-L1b-RadC,2023,38,6
ABI-L1b-RadC,2022,66,6
ABI-L1b-RadC,2023,139,19
ABI-L1b-RadC,2023,225,0
ABI-L1b-RadC,2023,208,6
ABI-L1b-RadC,2022,314,22
ABI-L1b-RadC,2023,151,3
ABI-L1b-RadC,2022,315,16
ABI-L1b-RadC,2023,288,7
ABI-L1b-RadC,2022,117,5
ABI-L1b-RadC,2022,349,6
ABI-L1b-RadC,2022,323,5
ABI-L1b-RadC,2022,33,10
ABI-L1b-RadC,2023,134,7
ABI-L1b-RadC,2022,296,15
ABI-L1b-RadC,2022,117,7
ABI-L1b-RadC,2022,32,5
ABI-L1b-RadC,2023,216,18
ABI-L1b-RadC,2022,142,8
ABI-L1b-RadC,2023,163,22
ABI-L1b-RadC,2022,107,23
ABI-L1b-RadC,2022,302,20
ABI-L1b-RadC,2022,223,0
ABI-L1b-RadC,2022,294,13
ABI-L1b-RadC,2022,131,20
ABI-L1b-RadC,2022,202,17
ABI-L1b-RadC,2022,277,15
ABI-L1b-RadC,2022,364,22
ABI-L1b-RadC,2023,21,4
ABI-L1b-RadC,2022,277,14
ABI-L1b-RadC,2023,86,11
ABI-L1b-RadC,2022,125,16
ABI-L1b-RadC,2022,338,23
ABI-L1b-RadC,2023,250,21
ABI-L1b-RadC,2022,27,3
ABI-L1b-RadC,2023,326,13
ABI-L1b-RadC,2022,310,8
ABI-L1b-RadC,2022,216,12
ABI-L1b-RadC,2023,123,22
ABI-L1b-RadC,2022,192,5
ABI-L1b-RadC,2022,338,21
ABI-L1b-RadC,2023,121,18
ABI-L1b-RadC,2023,299,21
ABI-L1b-RadC,2023,89,18
ABI-L1b-RadC,2022,355,12
ABI-L1b-RadC,2023,174,23
ABI-L1b-RadC,2023,247,2
ABI-L1b-RadC,2023,202,11
ABI-L1b-RadC,2022,245,16
ABI-L1b-RadC,2022,274,21
ABI-L1b-RadC,2022,279,18
ABI-L1b-RadC,2023,268,1
ABI-L1b-RadC,2023,86,3
ABI-L1b-RadC,2023,57,23
ABI-L1b-RadC,2022,285,9
ABI-L1b-RadC,2023,138,21
ABI-L1b-RadC,2023,72,6
ABI-L1b-RadC,2022,175,19
ABI-L1b-RadC,2022,18,2
ABI-L1b-RadC,2023,219,20
ABI-L1b-RadC,2022,163,7
ABI-L1b-RadC,2022,347,15
ABI-L1b-RadC,2023,6,0
ABI-L1b-RadC,2022,157,7
ABI-L1b-RadC,2023,196,6
ABI-L1b-RadC,2022,298,5
ABI-L1b-RadC,2022,30,18
ABI-L1b-RadC,2022,110,5
ABI-L1b-RadC,2023,285,12
ABI-L1b-RadC,2023,336,14
ABI-L1b-RadC,2023,350,5
ABI-L1b-RadC,2023,183,16
ABI-L1b-RadC,2023,338,0
ABI-L1b-RadC,2022,109,19
ABI-L1b-RadC,2023,324,12
ABI-L1b-RadC,2023,181,4
ABI-L1b-RadC,2022,296,12
ABI-L1b-RadC,2022,332,16
ABI-L1b-RadC,2022,119,9
ABI-L1b-RadC,2022,120,10
ABI-L1b-RadC,2023,229,13
ABI-L1b-RadC,2022,95,10
ABI-L1b-RadC,2022,69,23
ABI-L1b-RadC,2023,1,11
ABI-L1b-RadC,2023,161,8
ABI-L1b-RadC,2022,63,21
ABI-L1b-RadC,2023,2,9
ABI-L1b-RadC,2022,27,0
ABI-L1b-RadC,2023,330,5
ABI-L1b-RadC,2022,245,6
ABI-L1b-RadC,2023,315,6
ABI-L1b-RadC,2022,314,22
ABI-L1b-RadC,2023,209,7
ABI-L1b-RadC,2022,226,23
ABI-L1b-RadC,2022,209,10
ABI-L1b-RadC,2023,216,19
ABI-L1b-RadC,2022,248,11
ABI-L1b-RadC,2022,264,6
ABI-L1b-RadC,2023,20,10
ABI-L1b-RadC,2022,157,17
ABI-L1b-RadC,2022,142,16
ABI-L1b-RadC,2023,274,23
ABI-L1b-RadC,2022,127,20
ABI-L1b-RadC,2023,124,15
ABI-L1b-RadC,2022,239,13
ABI-L1b-RadC,2022,281,1
ABI-L1b-RadC,2023,241,2
ABI-L1b-RadC,2023,139,6
ABI-L1b-RadC,2023,275,5
ABI-L1b-RadC,2022,295,13
ABI-L1b-RadC,2023,77,19
ABI-L1b-RadC,2023,174,0
ABI-L1b-RadC,2022,22,2
ABI-L1b-RadC,2023,74,2
ABI-L1b-RadC,2023,101,17
ABI-L1b-RadC,2023,234,11
ABI-L1b-RadC,2023,133,9
ABI-L1b-RadC,2022,80,17
ABI-L1b-RadC,2022,135,13
ABI-L1b-RadC,2022,163,19
ABI-L1b-RadC,2022,85,9
ABI-L1b-RadC,2022,227,3
ABI-L1b-RadC,2023,86,12
ABI-L1b-RadC,2022,330,23
ABI-L1b-RadC,2023,44,7
ABI-L1b-RadC,2022,300,11
ABI-L1b-RadC,2022,310,2
ABI-L1b-RadC,2023,10,8
ABI-L1b-RadC,2022,95,20
ABI-L1b-RadC,2023,357,6
ABI-L1b-RadC,2023,66,0
ABI-L1b-RadC,2022,253,6
ABI-L1b-RadC,2023,287,18
ABI-L1b-RadC,2022,83,8
ABI-L1b-RadC,2023,120,7
ABI-L1b-RadC,2023,76,9
ABI-L1b-RadC,2022,76,4
ABI-L1b-RadC,2023,173,19
ABI-L1b-RadC,2022,26,15
ABI-L1b-RadC,2022,246,8
ABI-L1b-RadC,2023,298,13
ABI-L1b-RadC,2023,362,3
ABI-L1b-RadC,2022,167,22
ABI-L1b-RadC,2023,26,17
ABI-L1b-RadC,2023,151,14
ABI-L1b-RadC,2022,84,15
ABI-L1b-RadC,2022,105,20
ABI-L1b-RadC,2022,85,10
ABI-L1b-RadC,2023,116,5
ABI-L1b-RadC,2022,48,22
ABI-L1b-RadC,2022,298,18
ABI-L1b-RadC,2022,288,6
ABI-L1b-RadC,2023,179,19
ABI-L1b-RadC,2023,304,5
ABI-L1b-RadC,2022,246,13
ABI-L1b-RadC,2022,105,7
ABI-L1b-RadC,2023,352,3
ABI-L1b-RadC,2023,257,2
ABI-L1b-RadC,2023,332,16
ABI-L1b-RadC,2022,61,18
ABI-L1b-RadC,2023,131,22
ABI-L1b-RadC,2023,51,12
ABI-L1b-RadC,2023,31,4
ABI-L1b-RadC,2023,132,5
ABI-L1b-RadC,2022,96,12
ABI-L1b-RadC,2023,41,22
ABI-L1b-RadC,2023,299,20
ABI-L1b-RadC,2023,54,15
ABI-L1b-RadC,2022,29,10
ABI-L1b-RadC,2022,43,23
ABI-L1b-RadC,2022,293,3
ABI-L1b-RadC,2022,16,13
ABI-L1b-RadC,2022,22,1
ABI-L1b-RadC,2023,52,2
ABI-L1b-RadC,2023,69,6
ABI-L1b-RadC,2022,109,12
ABI-L1b-RadC,2022,337,8
ABI-L1b-RadC,2022,184,3
ABI-L1b-RadC,2023,365,21
ABI-L1b-RadC,2022,150,10
ABI-L1b-RadC,2022,155,12
ABI-L1b-RadC,2023,210,3
ABI-L1b-RadC,2022,309,4
ABI-L1b-RadC,2022,303,12
ABI-L1b-RadC,2022,205,10
ABI-L1b-RadC,2023,241,18
ABI-L1b-RadC,2022,52,14
ABI-L1b-RadC,2022,91,6
ABI-L1b-RadC,2023,244,7
ABI-L1b-RadC,2023,2,0
ABI-L1b-RadC,2022,133,5
ABI-L1b-RadC,2023,171,13
ABI-L1b-RadC,2023,174,13
ABI-L1b-RadC,2023,331,12
ABI-L1b-RadC,2022,230,8
ABI-L1b-RadC,2023,103,14
ABI-L1b-RadC,2022,107,20
ABI-L1b-RadC,2022,44,22
ABI-L1b-RadC,2022,9,14
ABI-L1b-RadC,2023,91,21
ABI-L1b-RadC,2022,248,9
ABI-L1b-RadC,2023,259,1
ABI-L1b-RadC,2023,315,4
ABI-L1b-RadC,2022,212,10
ABI-L1b-RadC,2023,55,6
ABI-L1b-RadC,2023,3,3
ABI-L1b-RadC,2022,281,17
ABI-L1b-RadC,2022,59,20
ABI-L1b-RadC,2022,140,5
ABI-L1b-RadC,2023,107,20
ABI-L1b-RadC,2022,279,15
ABI-L1b-RadC,2023,286,12
ABI-L1b-RadC,2022,323,18
ABI-L1b-RadC,2023,286,15
ABI-L1b-RadC,2022,244,5
ABI-L1b-RadC,2022,128,18
ABI-L1b-RadC,2023,274,1
ABI-L1b-RadC,2023,301,23
ABI-L1b-RadC,2022,104,13
ABI-L1b-RadC,2023,292,8
ABI-L1b-RadC,2023,120,13
ABI-L1b-RadC,2022,12,6
ABI-L1b-RadC,2022,112,4
ABI-L1b-RadC,2023,184,8
ABI-L1b-RadC,2022,79,17
ABI-L1b-RadC,2023,87,7
ABI-L1b-RadC,2023,147,18
ABI-L1b-RadC,2022,65,0
ABI-L1b-RadC,2023,319,10
ABI-L1b-RadC,2023,87,7
ABI-L1b-RadC,2022,229,6
ABI-L1b-RadC,2023,15,8
ABI-L1b-RadC,2023,24,17
ABI-L1b-RadC,2022,355,2
ABI-L1b-RadC,2023,362,13
ABI-L1b-RadC,2022,171,14
ABI-L1b-RadC,2022,85,12
ABI-L1b-RadC,2023,12,18
ABI-L1b-RadC,2022,60,19
ABI-L1b-RadC,2022,301,14
ABI-L1b-RadC,2022,178,12
ABI-L1b-RadC,2023,38,21
ABI-L1b-RadC,2023,347,18
ABI-L1b-RadC,2022,127,18
ABI-L1b-RadC,2022,224,8
ABI-L1b-RadC,2022,288,15
ABI-L1b-RadC,2022,80,11
ABI-L1b-RadC,2022,35,12
ABI-L1b-RadC,2023,52,12
ABI-L1b-RadC,2022,171,4
ABI-L1b-RadC,2022,279,15
ABI-L1b-RadC,2023,191,7
ABI-L1b-RadC,2022,217,23
ABI-L1b-RadC,2022,344,21
ABI-L1b-RadC,2022,242,8
ABI-L1b-RadC,2022,174,22
ABI-L1b-RadC,2023,323,19
ABI-L1b-RadC,2023,120,1
ABI-L1b-RadC,2023,95,13
ABI-L1b-RadC,2023,114,16
ABI-L1b-RadC,2023,342,1
ABI-L1b-RadC,2022,318,5
ABI-L1b-RadC,2023,176,9
ABI-L1b-RadC,2022,309,2
ABI-L1b-RadC,2023,172,5
ABI-L1b-RadC,2023,271,9
ABI-L1b-RadC,2023,168,6
ABI-L1b-RadC,2022,8,23
ABI-L1b-RadC,2023,11,1
ABI-L1b-RadC,2023,171,0
ABI-L1b-RadC,2023,107,22
ABI-L1b-RadC,2023,149,0
ABI-L1b-RadC,2023,6,23
ABI-L1b-RadC,2023,14,23
ABI-L1b-RadC,2023,65,22
ABI-L1b-RadC,2023,217,17
ABI-L1b-RadC,2022,190,14
ABI-L1b-RadC,2023,186,12
ABI-L1b-RadC,2022,202,11
ABI-L1b-RadC,2023,21,18
ABI-L1b-RadC,2022,89,5
ABI-L1b-RadC,2022,1,12
ABI-L1b-RadC,2023,23,10
ABI-L1b-RadC,2023,301,5
ABI-L1b-RadC,2022,360,3
ABI-L1b-RadC,2022,265,0
ABI-L1b-RadC,2022,17,13
ABI-L1b-RadC,2022,71,19
ABI-L1b-RadC,2023,316,23
ABI-L1b-RadC,2022,356,23
ABI-L1b-RadC,2023,143,4
ABI-L1b-RadC,2022,16,1
ABI-L1b-RadC,2022,69,6
ABI-L1b-RadC,2022,105,11
ABI-L1b-RadC,2022,245,0
ABI-L1b-RadC,2023,294,22
ABI-L1b-RadC,2023,364,22
ABI-L1b-RadC,2022,36,0
ABI-L1b-RadC,2022,166,6
ABI-L1b-RadC,2022,155,3
ABI-L1b-RadC,2022,171,17
ABI-L1b-RadC,2023,85,16
ABI-L1b-RadC,2022,225,19
ABI-L1b-RadC,2022,272,20
ABI-L1b-RadC,2022,298,4
ABI-L1b-RadC,2023,150,21
ABI-L1b-RadC,2022,304,10
ABI-L1b-RadC,2022,36,4
ABI-L1b-RadC,2023,169,17
ABI-L1b-RadC,2023,79,7
ABI-L1b-RadC,2022,82,12
ABI-L1b-RadC,2023,156,9
ABI-L1b-RadC,2022,221,11
ABI-L1b-RadC,2023,274,2
ABI-L1b-RadC,2023,34,3
ABI-L1b-RadC,2023,341,18
ABI-L1b-RadC,2022,34,23
ABI-L1b-RadC,2022,327,0
ABI-L1b-RadC,2023,343,2
ABI-L1b-RadC,2023,55,17
ABI-L1b-RadC,2023,295,13
ABI-L1b-RadC,2022,155,1
ABI-L1b-RadC,2022,327,7
ABI-L1b-RadC,2023,239,20
ABI-L1b-RadC,2023,351,17
ABI-L1b-RadC,2023,191,17
ABI-L1b-RadC,2022,297,3
ABI-L1b-RadC,2023,44,11
ABI-L1b-RadC,2023,273,4
ABI-L1b-RadC,2023,132,21
ABI-L1b-RadC,2022,75,3
ABI-L1b-RadC,2022,75,13
ABI-L1b-RadC,2022,160,22
ABI-L1b-RadC,2023,174,1
ABI-L1b-RadC,2023,254,19
ABI-L1b-RadC,2023,85,23
ABI-L1b-RadC,2022,345,2
ABI-L1b-RadC,2023,274,22
ABI-L1b-RadC,2022,65,14
ABI-L1b-RadC,2023,136,12
ABI-L1b-RadC,2023,283,3
ABI-L1b-RadC,2022,227,6
ABI-L1b-RadC,2022,23,20
ABI-L1b-RadC,2023,71,2
ABI-L1b-RadC,2022,184,21
ABI-L1b-RadC,2023,307,17
ABI-L1b-RadC,2022,222,18
ABI-L1b-RadC,2022,166,8
ABI-L1b-RadC,2023,100,14
ABI-L1b-RadC,2023,181,6
ABI-L1b-RadC,2022,105,9
ABI-L1b-RadC,2022,125,12
ABI-L1b-RadC,2022,76,11
ABI-L1b-RadC,2023,212,4
ABI-L1b-RadC,2023,9,0
ABI-L1b-RadC,2023,70,22
ABI-L1b-RadC,2023,114,1
ABI-L1b-RadC,2022,295,4
ABI-L1b-RadC,2022,272,2
ABI-L1b-RadC,2023,104,16
ABI-L1b-RadC,2023,36,14
ABI-L1b-RadC,2023,290,14
ABI-L1b-RadC,2022,214,5
ABI-L1b-RadC,2022,170,20
ABI-L1b-RadC,2022,262,23
ABI-L1b-RadC,2022,212,7
ABI-L1b-RadC,2022,129,8
ABI-L1b-RadC,2023,87,15
ABI-L1b-RadC,2022,132,4
ABI-L1b-RadC,2023,75,13
ABI-L1b-RadC,2023,361,16
ABI-L1b-RadC,2022,346,20
ABI-L1b-RadC,2023,253,8
ABI-L1b-RadC,2023,97,21
ABI-L1b-RadC,2023,235,12
ABI-L1b-RadC,2022,304,11
ABI-L1b-RadC,2022,26,22
ABI-L1b-RadC,2023,186,13
ABI-L1b-RadC,2022,148,7
ABI-L1b-RadC,2023,361,4
ABI-L1b-RadC,2022,320,6
ABI-L1b-RadC,2023,173,10
ABI-L1b-RadC,2023,158,19
ABI-L1b-RadC,2022,30,23
ABI-L1b-RadC,2023,177,13
ABI-L1b-RadC,2023,75,8
ABI-L1b-RadC,2022,133,13
ABI-L1b-RadC,2023,88,5
ABI-L1b-RadC,2022,87,2
ABI-L1b-RadC,2022,140,7
ABI-L1b-RadC,2022,289,16
ABI-L1b-RadC,2022,105,7
ABI-L1b-RadC,2022,150,16
ABI-L1b-RadC,2023,339,6
ABI-L1b-RadC,2023,164,17
ABI-L1b-RadC,2022,277,14
ABI-L1b-RadC,2023,32,1
ABI-L1b-RadC,2022,66,18
ABI-L1b-RadC,2022,111,5
ABI-L1b-RadC,2023,122,17
ABI-L1b-RadC,2022,260,20
ABI-L1b-RadC,2022,335,22
ABI-L1b-RadC,2022,68,4
ABI-L1b-RadC,2022,198,15
ABI-L1b-RadC,2023,350,17
ABI-L1b-RadC,2022,342,9
ABI-L1b-RadC,2023,7,3
ABI-L1b-RadC,2023,99,13
ABI-L1b-RadC,2022,242,15
ABI-L1b-RadC,2022,220,0
ABI-L1b-RadC,2022,332,10
ABI-L1b-RadC,2022,45,10
ABI-L1b-RadC,2022,38,4
ABI-L1b-RadC,2023,3,1
ABI-L1b-RadC,2023,38,16
ABI-L1b-RadC,2023,80,6
ABI-L1b-RadC,2023,309,21
ABI-L1b-RadC,2022,24,16
ABI-L1b-RadC,2023,199,13
ABI-L1b-RadC,2022,69,7
ABI-L1b-RadC,2022,61,5
ABI-L1b-RadC,2022,142,17
ABI-L1b-RadC,2023,131,10
ABI-L1b-RadC,2023,170,19
ABI-L1b-RadC,2023,204,22
ABI-L1b-RadC,2022,46,13
ABI-L1b-RadC,2022,13,0
ABI-L1b-RadC,2023,306,0
ABI-L1b-RadC,2023,119,20
ABI-L1b-RadC,2023,123,0
ABI-L1b-RadC,2023,214,1
ABI-L1b-RadC,2022,259,14
ABI-L1b-RadC,2022,315,18
ABI-L1b-RadC,2022,218,6
ABI-L1b-RadC,2023,6,10
ABI-L1b-RadC,2023,65,10
ABI-L1b-RadC,2023,89,23
ABI-L1b-RadC,2023,72,21
ABI-L1b-RadC,2023,31,21
ABI-L1b-RadC,2023,131,23
ABI-L1b-RadC,2023,242,18
ABI-L1b-RadC,2023,346,12
ABI-L1b-RadC,2023,241,11
ABI-L1b-RadC,2023,303,19
ABI-L1b-RadC,2023,238,16
ABI-L1b-RadC,2023,124,10
ABI-L1b-RadC,2022,291,13
ABI-L1b-RadC,2023,238,7
ABI-L1b-RadC,2022,126,6
ABI-L1b-RadC,2023,55,4
ABI-L1b-RadC,2023,330,11
ABI-L1b-RadC,2023,126,7
ABI-L1b-RadC,2022,110,17
ABI-L1b-RadC,2023,77,12
ABI-L1b-RadC,2022,183,12
ABI-L1b-RadC,2022,203,14
ABI-L1b-RadC,2022,87,5
ABI-L1b-RadC,2023,273,15
ABI-L1b-RadC,2023,243,8
ABI-L1b-RadC,2023,334,16
ABI-L1b-RadC,2022,63,7
ABI-L1b-RadC,2023,38,9
ABI-L1b-RadC,2022,7,1
ABI-L1b-RadC,2023,246,11
ABI-L1b-RadC,2022,272,7
ABI-L1b-RadC,2022,275,1
ABI-L1b-RadC,2022,103,3
ABI-L1b-RadC,2022,354,19
ABI-L1b-RadC,2023,291,12
ABI-L1b-RadC,2023,258,8
ABI-L1b-RadC,2023,264,2
ABI-L1b-RadC,2022,317,6
ABI-L1b-RadC,2022,221,21
ABI-L1b-RadC,2022,139,15
ABI-L1b-RadC,2022,245,21
ABI-L1b-RadC,2022,309,0
ABI-L1b-RadC,2022,75,0
ABI-L1b-RadC,2023,208,2
ABI-L1b-RadC,2022,173,17
ABI-L1b-RadC,2023,10,4
ABI-L1b-RadC,2022,153,9
ABI-L1b-RadC,2023,6,13
ABI-L1b-RadC,2023,276,6
ABI-L1b-RadC,2022,317,10
ABI-L1b-RadC,2022,127,9
ABI-L1b-RadC,2022,246,3
ABI-L1b-RadC,2022,31,11
ABI-L1b-RadC,2022,195,23
ABI-L1b-RadC,2022,237,4
ABI-L1b-RadC,2023,256,23
ABI-L1b-RadC,2022,156,3
ABI-L1b-RadC,2022,37,15
ABI-L1b-RadC,2023,354,18
ABI-L1b-RadC,2023,127,21
ABI-L1b-RadC,2023,30,15
ABI-L1b-RadC,2022,114,17
ABI-L1b-RadC,2023,275,14
ABI-L1b-RadC,2023,112,22
ABI-L1b-RadC,2022,12,0
ABI-L1b-RadC,2022,56,7
ABI-L1b-RadC,2022,33,14
ABI-L1b-RadC,2023,359,7
ABI-L1b-RadC,2023,33,14
ABI-L1b-RadC,2023,115,21
ABI-L1b-RadC,2022,74,4
ABI-L1b-RadC,2023,152,9
ABI-L1b-RadC,2022,200,19
ABI-L1b-RadC,2023,40,16
ABI-L1b-RadC,2023,221,12
ABI-L1b-RadC,2023,62,12
ABI-L1b-RadC,2023,287,12
ABI-L1b-RadC,2022,135,4
ABI-L1b-RadC,2022,174,11
ABI-L1b-RadC,2023,24,0
ABI-L1b-RadC,2023,212,14
ABI-L1b-RadC,2022,36,9
ABI-L1b-RadC,2023,88,12
ABI-L1b-RadC,2022,89,20
ABI-L1b-RadC,2023,129,1
ABI-L1b-RadC,2023,233,0
ABI-L1b-RadC,2023,41,18
ABI-L1b-RadC,2023,126,1
ABI-L1b-RadC,2022,71,8
ABI-L1b-RadC,2023,280,1
ABI-L1b-RadC,2022,272,11
ABI-L1b-RadC,2022,37,6
ABI-L1b-RadC,2022,93,1
ABI-L1b-RadC,2022,40,7
ABI-L1b-RadC,2022,4,13
ABI-L1b-RadC,2023,226,13
ABI-L1b-RadC,2022,194,4
ABI-L1b-RadC,2022,311,14
ABI-L1b-RadC,2023,351,1
ABI-L1b-RadC,2023,310,2
ABI-L1b-RadC,2023,69,22
ABI-L1b-RadC,2022,85,2
ABI-L1b-RadC,2023,347,19
ABI-L1b-RadC,2023,160,17
ABI-L1b-RadC,2023,99,4
ABI-L1b-RadC,2023,306,2
ABI-L1b-RadC,2022,57,1
ABI-L1b-RadC,2023,126,13
ABI-L1b-RadC,2022,26,15
ABI-L1b-RadC,2023,148,8
ABI-L1b-RadC,2022,108,6
ABI-L1b-RadC,2022,272,23
ABI-L1b-RadC,2023,71,8
ABI-L1b-RadC,2022,293,14
ABI-L1b-RadC,2023,318,19
ABI-L1b-RadC,2022,276,5
ABI-L1b-RadC,2022,177,11
ABI-L1b-RadC,2022,54,4
ABI-L1b-RadC,2023,121,20
ABI-L1b-RadC,2023,140,14
ABI-L1b-RadC,2022,346,13
ABI-L1b-RadC,2022,19,15
ABI-L1b-RadC,2022,105,0
ABI-L1b-RadC,2022,347,16
ABI-L1b-RadC,2022,255,1
ABI-L1b-RadC,2022,359,19
ABI-L1b-RadC,2022,342,11
ABI-L1b-RadC,2022,264,0
ABI-L1b-RadC,2023,152,9
ABI-L1b-RadC,2023,214,21
ABI-L1b-RadC,2023,113,1
ABI-L1b-RadC,2023,321,7
ABI-L1b-RadC,2023,252,18
ABI-L1b-RadC,2023,273,9
ABI-L1b-RadC,2022,299,6
ABI-L1b-RadC,2022,285,16
ABI-L1b-RadC,2022,256,9
ABI-L1b-RadC,2023,325,22
ABI-L1b-RadC,2023,39,12
ABI-L1b-RadC,2022,193,20
ABI-L1b-RadC,2023,56,4
ABI-L1b-RadC,2022,310,22
ABI-L1b-RadC,2023,161,4
ABI-L1b-RadC,2022,40,23
ABI-L1b-RadC,2023,340,7
ABI-L1b-RadC,2023,133,4
ABI-L1b-RadC,2022,229,16
ABI-L1b-RadC,2022,265,14
ABI-L1b-RadC,2022,69,2
ABI-L1b-RadC,2023,199,14
ABI-L1b-RadC,2023,329,5
ABI-L1b-RadC,2022,317,15
ABI-L1b-RadC,2023,92,19
ABI-L1b-RadC,2023,52,19
ABI-L1b-RadC,2023,19,13
ABI-L1b-RadC,2023,235,0
ABI-L1b-RadC,2023,277,22
ABI-L1b-RadC,2022,164,21
ABI-L1b-RadC,2022,170,22
ABI-L1b-RadC,2022,348,23
ABI-L1b-RadC,2023,88,2
ABI-L1b-RadC,2022,25,14
ABI-L1b-RadC,2022,50,14
ABI-L1b-RadC,2022,227,2
ABI-L1b-RadC,2023,271,15
ABI-L1b-RadC,2023,185,19
ABI-L1b-RadC,2023,198,21
ABI-L1b-RadC,2023,258,0
ABI-L1b-RadC,2023,136,9
ABI-L1b-RadC,2022,97,2
ABI-L1b-RadC,2023,90,7
ABI-L1b-RadC,2023,263,23
ABI-L1b-RadC,2022,300,4
ABI-L1b-RadC,2023,239,2
ABI-L1b-RadC,2022,349,15
ABI-L1b-RadC,2022,89,22
ABI-L1b-RadC,2023,254,18
ABI-L1b-RadC,2023,58,5
ABI-L1b-RadC,2023,310,6
ABI-L1b-RadC,2023,13,20
ABI-L1b-RadC,2023,176,16
ABI-L1b-RadC,2022,359,0
ABI-L1b-RadC,2023,74,20
ABI-L1b-RadC,2023,104,17
ABI-L1b-RadC,2022,303,21
ABI-L1b-RadC,2023,135,21
ABI-L1b-RadC,2022,278,16
ABI-L1b-RadC,2023,357,20
ABI-L1b-RadC,2022,189,15
ABI-L1b-RadC,2023,328,6
ABI-L1b-RadC,2023,279,17
ABI-L1b-RadC,2023,315,17
ABI-L1b-RadC,2022,72,3
ABI-L1b-RadC,2022,357,13
ABI-L1b-RadC,2022,134,4
ABI-L1b-RadC,2023,121,8
ABI-L1b-RadC,2023,223,17
ABI-L1b-RadC,2022,118,7
ABI-L1b-RadC,2023,339,19
ABI-L1b-RadC,2023,261,0
ABI-L1b-RadC,2023,156,4
ABI-L1b-RadC,2023,97,16
ABI-L1b-RadC,2023,2,14
ABI-L1b-RadC,2023,203,12
ABI-L1b-RadC,2023,37,1
ABI-L1b-RadC,2022,144,12
ABI-L1b-RadC,2023,115,11
ABI-L1b-RadC,2022,224,22
ABI-L1b-RadC,2023,185,7
ABI-L1b-RadC,2023,242,19
ABI-L1b-RadC,2023,239,19
ABI-L1b-RadC,2023,326,7
ABI-L1b-RadC,2023,86,2
ABI-L1b-RadC,2023,339,3
ABI-L1b-RadC,2022,323,19
ABI-L1b-RadC,2023,342,6
ABI-L1b-RadC,2023,20,22
ABI-L1b-RadC,2022,355,21
ABI-L1b-RadC,2022,243,13
ABI-L1b-RadC,2023,362,2
ABI-L1b-RadC,2022,203,1
ABI-L1b-RadC,2023,310,8
ABI-L1b-RadC,2022,74,9
ABI-L1b-RadC,2022,118,9
ABI-L1b-RadC,2023,303,8
ABI-L1b-RadC,2023,134,7
ABI-L1b-RadC,2022,341,15
ABI-L1b-RadC,2023,318,11
ABI-L1b-RadC,2022,104,4
ABI-L1b-RadC,2022,289,17
ABI-L1b-RadC,2022,73,14
ABI-L1b-RadC,2022,52,6
ABI-L1b-RadC,2022,174,13
ABI-L1b-RadC,2022,334,11
ABI-L1b-RadC,2023,272,6
ABI-L1b-RadC,2022,251,23
ABI-L1b-RadC,2023,359,23
ABI-L1b-RadC,2023,10,7
ABI-L1b-RadC,2022,71,2
ABI-L1b-RadC,2023,263,0
ABI-L1b-RadC,2023,78,12
ABI-L1b-RadC,2022,56,22
ABI-L1b-RadC,2023,90,0
ABI-L1b-RadC,2022,298,17
ABI-L1b-RadC,2023,24,6
ABI-L1b-RadC,2022,309,19
ABI-L1b-RadC,2023,193,0
ABI-L1b-RadC,2022,157,6
ABI-L1b-RadC,2023,284,22
ABI-L1b-RadC,2023,69,18
ABI-L1b-RadC,2023,69,20
ABI-L1b-RadC,2022,166,8
ABI-L1b-RadC,2022,141,5
ABI-L1b-RadC,2023,241,22
ABI-L1b-RadC,2022,365,21
ABI-L1b-RadC,2022,194,0
ABI-L1b-RadC,2022,326,17
ABI-L1b-RadC,2023,364,6
ABI-L1b-RadC,2023,100,16
ABI-L1b-RadC,2022,260,7
ABI-L1b-RadC,2023,136,20
ABI-L1b-RadC,2022,337,14
ABI-L1b-RadC,2022,243,5
ABI-L1b-RadC,2022,182,18
ABI-L1b-RadC,2023,83,22
ABI-L1b-RadC,2023,137,7
ABI-L1b-RadC,2022,65,7
ABI-L1b-RadC,2022,176,22
ABI-L1b-RadC,2022,13,21
ABI-L1b-RadC,2023,155,21
ABI-L1b-RadC,2023,360,21
ABI-L1b-RadC,2023,219,9
ABI-L1b-RadC,2023,22,18
ABI-L1b-RadC,2022,219,10
ABI-L1b-RadC,2022,340,16
ABI-L1b-RadC,2023,205,22
ABI-L1b-RadC,2023,245,1
ABI-L1b-RadC,2023,43,4
ABI-L1b-RadC,2022,155,0
ABI-L1b-RadC,2022,135,11
ABI-L1b-RadC,2023,192,13
ABI-L1b-RadC,2023,344,15
ABI-L1b-RadC,2022,290,5
ABI-L1b-RadC,2022,260,22
ABI-L1b-RadC,2023,172,11
ABI-L1b-RadC,2022,48,21
ABI-L1b-RadC,2022,330,23
ABI-L1b-RadC,2023,67,10
ABI-L1b-RadC,2023,107,11
ABI-L1b-RadC,2023,342,18
ABI-L1b-RadC,2023,150,18
ABI-L1b-RadC,2023,237,16
ABI-L1b-RadC,2022,169,17
ABI-L1b-RadC,2023,274,9
ABI-L1b-RadC,2022,154,1
ABI-L1b-RadC,2022,363,21
ABI-L1b-RadC,2023,143,4
ABI-L1b-RadC,2023,264,21
ABI-L1b-RadC,2022,171,23
ABI-L1b-RadC,2022,112,2
ABI-L1b-RadC,2023,258,22
ABI-L1b-RadC,2022,102,1
ABI-L1b-RadC,2023,6,9
ABI-L1b-RadC,2023,15,17
ABI-L1b-RadC,2023,248,17
ABI-L1b-RadC,2022,194,6
ABI-L1b-RadC,2023,19,12
ABI-L1b-RadC,2023,157,9
ABI-L1b-RadC,2022,169,14
ABI-L1b-RadC,2023,154,3
ABI-L1b-RadC,2023,189,10
ABI-L1b-RadC,2023,107,7
ABI-L1b-RadC,2023,298,5
ABI-L1b-RadC,2023,67,23
ABI-L1b-RadC,2022,232,12
ABI-L1b-RadC,2023,315,23
ABI-L1b-RadC,2023,60,4
ABI-L1b-RadC,2023,141,8
ABI-L1b-RadC,2022,67,6
ABI-L1b-RadC,2022,117,10
ABI-L1b-RadC,2022,84,0
ABI-L1b-RadC,2023,256,3
ABI-L1b-RadC,2022,82,4
ABI-L1b-RadC,2022,46,18
ABI-L1b-RadC,2022,169,23
ABI-L1b-RadC,2023,151,8
ABI-L1b-RadC,2022,294,10
ABI-L1b-RadC,2022,230,14
ABI-L1b-RadC,2023,213,22
ABI-L1b-RadC,2023,238,23
ABI-L1b-RadC,2023,284,7
ABI-L1b-RadC,2022,333,22
ABI-L1b-RadC,2022,214,0
ABI-L1b-RadC,2023,9,15
ABI-L1b-RadC,2023,61,20
ABI-L1b-RadC,2023,87,22
ABI-L1b-RadC,2023,183,7
ABI-L1b-RadC,2022,118,10
ABI-L1b-RadC,2023,41,7
ABI-L1b-RadC,2023,36,19
ABI-L1b-RadC,2023,270,20
ABI-L1b-RadC,2023,28,11
ABI-L1b-RadC,2022,161,16
ABI-L1b-RadC,2023,331,22
ABI-L1b-RadC,2022,140,23
ABI-L1b-RadC,2023,238,1
ABI-L1b-RadC,2022,354,17
ABI-L1b-RadC,2022,12,9
ABI-L1b-RadC,2022,37,22
ABI-L1b-RadC,2022,344,1
ABI-L1b-RadC,2023,312,11
ABI-L1b-RadC,2022,87,17
ABI-L1b-RadC,2023,359,19
ABI-L1b-RadC,2023,296,6
ABI-L1b-RadC,2022,356,20
ABI-L1b-RadC,2023,81,11
ABI-L1b-RadC,2023,349,1
ABI-L1b-RadC,2023,4,21
ABI-L1b-RadC,2022,341,21
ABI-L1b-RadC,2022,288,20
ABI-L1b-RadC,2022,276,19
ABI-L1b-RadC,2023,18,6
ABI-L1b-RadC,2022,142,8
ABI-L1b-RadC,2022,17,18
ABI-L1b-RadC,2023,265,10
ABI-L1b-RadC,2022,187,8
ABI-L1b-RadC,2023,83,12
ABI-L1b-RadC,2023,16,18
ABI-L1b-RadC,2023,242,22
ABI-L1b-RadC,2023,349,6
ABI-L1b-RadC,2023,343,14
ABI-L1b-RadC,2022,158,0
ABI-L1b-RadC,2023,27,19
ABI-L1b-RadC,2023,317,10
ABI-L1b-RadC,2022,186,15
ABI-L1b-RadC,2023,103,11
ABI-L1b-RadC,2023,358,19
ABI-L1b-RadC,2023,217,0
ABI-L1b-RadC,2022,17,3
ABI-L1b-RadC,2023,118,9
ABI-L1b-RadC,2023,263,8
ABI-L1b-RadC,2023,255,9
ABI-L1b-RadC,2022,50,9
ABI-L1b-RadC,2023,187,7
ABI-L1b-RadC,2023,94,1
ABI-L1b-RadC,2022,335,13
ABI-L1b-RadC,2023,188,23
ABI-L1b-RadC,2022,157,20
ABI-L1b-RadC,2022,245,16
ABI-L1b-RadC,2022,239,11
ABI-L1b-RadC,2023,84,12
ABI-L1b-RadC,2022,216,5
ABI-L1b-RadC,2023,342,3
ABI-L1b-RadC,2022,341,14
ABI-L1b-RadC,2023,248,12
ABI-L1b-RadC,2023,132,23
ABI-L1b-RadC,2022,193,3
ABI-L1b-RadC,2023,287,14
ABI-L1b-RadC,2023,304,3
ABI-L1b-RadC,2022,107,9
ABI-L1b-RadC,2023,102,4
ABI-L1b-RadC,2022,264,23
ABI-L1b-RadC,2022,24,13
ABI-L1b-RadC,2023,40,8
ABI-L1b-RadC,2023,9,6
ABI-L1b-RadC,2022,238,8
ABI-L1b-RadC,2023,120,1
ABI-L1b-RadC,2022,342,2
ABI-L1b-RadC,2023,222,16
ABI-L1b-RadC,2023,46,21
ABI-L1b-RadC,2023,323,15
ABI-L1b-RadC,2022,342,8
ABI-L1b-RadC,2023,353,9
ABI-L1b-RadC,2023,365,7
ABI-L1b-RadC,2023,315,19
ABI-L1b-RadC,2023,188,21
ABI-L1b-RadC,2023,235,23
ABI-L1b-RadC,2022,334,22
ABI-L1b-RadC,2022,211,16
ABI-L1b-RadC,2023,361,19
ABI-L1b-RadC,2023,317,15
ABI-L1b-RadC,2023,140,8
ABI-L1b-RadC,2022,195,9
ABI-L1b-RadC,2023,232,15
ABI-L1b-RadC,2022,308,8
ABI-L1b-RadC,2023,242,19
ABI-L1b-RadC,2022,193,21
ABI-L1b-RadC,2022,70,23
ABI-L1b-RadC,2022,5,5
ABI-L1b-RadC,2023,14,6
ABI-L1b-RadC,2022,337,13
ABI-L1b-RadC,2023,220,14
ABI-L1b-RadC,2023,128,10
ABI-L1b-RadC,2022,41,3
ABI-L1b-RadC,2022,14,13
ABI-L1b-RadC,2023,200,17
ABI-L1b-RadC,2023,15,10
ABI-L1b-RadC,2023,209,1
ABI-L1b-RadC,2023,12,18
ABI-L1b-RadC,2023,335,18
ABI-L1b-RadC,2023,78,18
ABI-L1b-RadC,2023,175,12
ABI-L1b-RadC,2023,265,8
ABI-L1b-RadC,2022,303,4
ABI-L1b-RadC,2022,41,19
ABI-L1b-RadC,2022,194,1
ABI-L1b-RadC,2023,270,4
ABI-L1b-RadC,2023,309,9
ABI-L1b-RadC,2023,126,21
ABI-L1b-RadC,2022,51,6
ABI-L1b-RadC,2022,144,10
ABI-L1b-RadC,2022,364,18
ABI-L1b-RadC,2023,7,11
ABI-L1b-RadC,2023,82,8
ABI-L1b-RadC,2022,137,13
ABI-L1b-RadC,2023,213,1
ABI-L1b-RadC,2022,231,1
ABI-L1b-RadC,2022,253,19
ABI-L1b-RadC,2023,268,22
ABI-L1b-RadC,2022,249,13
ABI-L1b-RadC,2023,256,11
ABI-L1b-RadC,2022,345,7
ABI-L1b-RadC,2022,83,22
ABI-L1b-RadC,2022,338,23
ABI-L1b-RadC,2022,205,16
ABI-L1b-RadC,2023,46,4
ABI-L1b-RadC,2023,190,21
ABI-L1b-RadC,2023,91,10
ABI-L1b-RadC,2022,226,18
ABI-L1b-RadC,2023,244,15
ABI-L1b-RadC,2022,315,1
ABI-L1b-RadC,2022,250,9
ABI-L1b-RadC,2023,163,19
ABI-L1b-RadC,2023,311,3
ABI-L1b-RadC,2022,25,2
ABI-L1b-RadC,2022,148,10
ABI-L1b-RadC,2022,152,12
ABI-L1b-RadC,2022,40,12
ABI-L1b-RadC,2023,162,0
ABI-L1b-RadC,2022,332,19
ABI-L1b-RadC,2022,155,23
ABI-L1b-RadC,2023,281,13
ABI-L1b-RadC,2022,322,8
ABI-L1b-RadC,2022,36,5
ABI-L1b-RadC,2022,234,21
ABI-L1b-RadC,2023,21,11
ABI-L1b-RadC,2022,157,18
ABI-L1b-RadC,2023,27,11
ABI-L1b-RadC,2022,186,8
ABI-L1b-RadC,2022,300,7
ABI-L1b-RadC,2023,289,21
ABI-L1b-RadC,2022,213,12
ABI-L1b-RadC,2023,241,10
ABI-L1b-RadC,2022,46,7
ABI-L1b-RadC,2022,247,9
ABI-L1b-RadC,2022,333,22
ABI-L1b-RadC,2023,171,19
ABI-L1b-RadC,2022,27,0
ABI-L1b-RadC,2023,13,11
ABI-L1b-RadC,2022,5,0
ABI-L1b-RadC,2023,204,2
ABI-L1b-RadC,2022,96,1
ABI-L1b-RadC,2022,218,15
ABI-L1b-RadC,2022,58,3
ABI-L1b-RadC,2023,299,11
ABI-L1b-RadC,2022,288,23
ABI-L1b-RadC,2023,262,3
ABI-L1b-RadC,2023,279,8
ABI-L1b-RadC,2022,80,15
ABI-L1b-RadC,2023,94,11
ABI-L1b-RadC,2022,339,2
ABI-L1b-RadC,2022,37,5
ABI-L1b-RadC,2022,281,15
ABI-L1b-RadC,2022,241,15
ABI-L1b-RadC,2023,262,17
ABI-L1b-RadC,2023,250,8
ABI-L1b-RadC,2023,281,20
ABI-L1b-RadC,2022,233,10
ABI-L1b-RadC,2022,288,12
ABI-L1b-RadC,2022,207,3
ABI-L1b-RadC,2022,99,8
ABI-L1b-RadC,2023,90,21
ABI-L1b-RadC,2022,105,12
ABI-L1b-RadC,2022,236,5
ABI-L1b-RadC,2023,24,6
ABI-L1b-RadC,2022,92,21
ABI-L1b-RadC,2022,270,0
ABI-L1b-RadC,2022,337,16
ABI-L1b-RadC,2023,353,5
ABI-L1b-RadC,2022,224,12
ABI-L1b-RadC,2022,286,14
ABI-L1b-RadC,2023,349,21
ABI-L1b-RadC,2023,53,5
ABI-L1b-RadC,2022,233,6
ABI-L1b-RadC,2023,149,6
ABI-L1b-RadC,2023,235,17
ABI-L1b-RadC,2022,293,16
ABI-L1b-RadC,2022,49,3
ABI-L1b-RadC,2022,59,9
ABI-L1b-RadC,2022,39,14
ABI-L1b-RadC,2022,255,7
ABI-L1b-RadC,2022,135,17
ABI-L1b-RadC,2023,117,10
ABI-L1b-RadC,2022,262,8
ABI-L1b-RadC,2023,97,8
ABI-L1b-RadC,2022,246,20
ABI-L1b-RadC,2023,178,4
ABI-L1b-RadC,2022,165,3
ABI-L1b-RadC,2022,21,21
ABI-L1b-RadC,2022,330,8
ABI-L1b-RadC,2022,2,18
ABI-L1b-RadC,2023,154,11
ABI-L1b-RadC,2023,122,8
ABI-L1b-RadC,2022,174,13
ABI-L1b-RadC,2023,319,10
ABI-L1b-RadC,2022,274,2
ABI-L1b-RadC,2023,263,18
ABI-L1b-RadC,2023,305,21
ABI-L1b-RadC,2022,328,17
ABI-L1b-RadC,2023,230,7
ABI-L1b-RadC,2022,347,18
ABI-L1b-RadC,2023,324,23
ABI-L1b-RadC,2023,233,17
ABI-L1b-RadC,2023,339,1
ABI-L1b-RadC,2023,152,6
ABI-L1b-RadC,2022,26,5
ABI-L1b-RadC,2023,120,18
ABI-L1b-RadC,2023,29,14
ABI-L1b-RadC,2022,198,19
ABI-L1b-RadC,2022,279,17
ABI-L1b-RadC,2022,140,5
ABI-L1b-RadC,2023,333,8
ABI-L1b-RadC,2022,111,1
ABI-L1b-RadC,2023,113,10
ABI-L1b-RadC,2022,240,9
ABI-L1b-RadC,2022,170,8
ABI-L1b-RadC,2023,79,15
ABI-L1b-RadC,2022,327,6
ABI-L1b-RadC,2023,189,2
ABI-L1b-RadC,2022,156,5
ABI-L1b-RadC,2023,337,4
ABI-L1b-RadC,2023,80,3
ABI-L1b-RadC,2022,140,11
ABI-L1b-RadC,2022,145,2
ABI-L1b-RadC,2023,358,6
ABI-L1b-RadC,2023,186,16
ABI-L1b-RadC,2022,307,8
ABI-L1b-RadC,2022,2,20
ABI-L1b-RadC,2023,109,2
ABI-L1b-RadC,2023,215,0
ABI-L1b-RadC,2023,322,5
ABI-L1b-RadC,2023,132,3
ABI-L1b-RadC,2023,342,1
ABI-L1b-RadC,2023,151,3
ABI-L1b-RadC,2022,213,2
ABI-L1b-RadC,2023,364,7
ABI-L1b-RadC,2022,172,13
ABI-L1b-RadC,2022,42,12
ABI-L1b-RadC,2022,286,14
ABI-L1b-RadC,2023,167,16
ABI-L1b-RadC,2022,3,7
ABI-L1b-RadC,2023,239,17
ABI-L1b-RadC,2023,334,4
ABI-L1b-RadC,2023,273,12
ABI-L1b-RadC,2023,70,18
ABI-L1b-RadC,2022,305,14
ABI-L1b-RadC,2023,328,16
ABI-L1b-RadC,2023,53,21
ABI-L1b-RadC,2022,64,19
ABI-L1b-RadC,2022,335,12
ABI-L1b-RadC,2023,308,9
ABI-L1b-RadC,2023,319,21
ABI-L1b-RadC,2022,304,2
ABI-L1b-RadC,2023,348,1
ABI-L1b-RadC,2023,79,3
ABI-L1b-RadC,2022,350,15
ABI-L1b-RadC,2023,118,15
ABI-L1b-RadC,2023,168,13
ABI-L1b-RadC,2023,284,11
ABI-L1b-RadC,2023,114,7
ABI-L1b-RadC,2022,328,4
ABI-L1b-RadC,2023,356,22
ABI-L1b-RadC,2022,355,2
ABI-L1b-RadC,2022,269,4
ABI-L1b-RadC,2022,234,22
ABI-L1b-RadC,2023,29,6
ABI-L1b-RadC,2023,63,20
ABI-L1b-RadC,2023,107,5
ABI-L1b-RadC,2023,59,19
ABI-L1b-RadC,2023,59,2
ABI-L1b-RadC,2022,307,3
ABI-L1b-RadC,2022,147,11
ABI-L1b-RadC,2023,183,3
ABI-L1b-RadC,2022,121,0
ABI-L1b-RadC,2023,59,8
ABI-L1b-RadC,2023,9,3
ABI-L1b-RadC,2022,199,3
ABI-L1b-RadC,2022,298,10
ABI-L1b-RadC,2023,79,12
ABI-L1b-RadC,2023,206,9
ABI-L1b-RadC,2023,277,15
ABI-L1b-RadC,2022,200,11
ABI-L1b-RadC,2022,195,12
ABI-L1b-RadC,2023,254,17
ABI-L1b-RadC,2022,253,11
ABI-L1b-RadC,2023,248,3
ABI-L1b-RadC,2022,67,13
ABI-L1b-RadC,2023,41,12
ABI-L1b-RadC,2022,151,21
ABI-L1b-RadC,2022,265,9
ABI-L1b-RadC,2022,290,1
ABI-L1b-RadC,2022,210,0
ABI-L1b-RadC,2022,76,17
ABI-L1b-RadC,2023,222,12
ABI-L1b-RadC,2022,6,18
ABI-L1b-RadC,2023,24,18
ABI-L1b-RadC,2023,215,2
ABI-L1b-RadC,2023,264,0
ABI-L1b-RadC,2022,22,3
ABI-L1b-RadC,2023,251,13
ABI-L1b-RadC,2023,141,11
ABI-L1b-RadC,2022,323,1
ABI-L1b-RadC,2022,333,16
ABI-L1b-RadC,2022,250,8
ABI-L1b-RadC,2023,83,22
ABI-L1b-RadC,2023,65,1
ABI-L1b-RadC,2023,140,5
ABI-L1b-RadC,2022,83,14
ABI-L1b-RadC,2023,302,20
ABI-L1b-RadC,2023,244,11
ABI-L1b-RadC,2022,138,2
ABI-L1b-RadC,2022,23,8
ABI-L1b-RadC,2022,245,23
ABI-L1b-RadC,2023,46,1
ABI-L1b-RadC,2022,175,12
ABI-L1b-RadC,2023,121,15
ABI-L1b-RadC,2022,264,3
ABI-L1b-RadC,2022,279,7
ABI-L1b-RadC,2022,236,18
ABI-L1b-RadC,2023,28,7
ABI-L1b-RadC,2022,20,19
ABI-L1b-RadC,2022,362,12
ABI-L1b-RadC,2023,321,22
ABI-L1b-RadC,2022,120,8
ABI-L1b-RadC,2023,302,19
ABI-L1b-RadC,2023,316,23
ABI-L1b-RadC,2022,323,17
ABI-L1b-RadC,2022,247,10
ABI-L1b-RadC,2023,304,21
ABI-L1b-RadC,2023,311,21
ABI-L1b-RadC,2022,263,17
ABI-L1b-RadC,2022,355,4
ABI-L1b-RadC,2023,337,22
ABI-L1b-RadC,2023,249,10
ABI-L1b-RadC,2022,341,19
ABI-L1b-RadC,2022,71,1
ABI-L1b-RadC,2023,13,16
ABI-L1b-RadC,2023,323,20
ABI-L1b-RadC,2023,359,14
ABI-L1b-RadC,2022,178,5
ABI-L1b-RadC,2022,143,10
ABI-L1b-RadC,2022,209,7
ABI-L1b-RadC,2022,8,8
ABI-L1b-RadC,2022,94,11
ABI-L1b-RadC,2022,31,4
ABI-L1b-RadC,2022,321,7
ABI-L1b-RadC,2022,144,7
ABI-L1b-RadC,2022,178,8
ABI-L1b-RadC,2023,345,4
ABI-L1b-RadC,2022,212,6
ABI-L1b-RadC,2023,229,11
ABI-L1b-RadC,2023,289,23
ABI-L1b-RadC,2022,234,15
ABI-L1b-RadC,2023,97,8
ABI-L1b-RadC,2023,244,22
ABI-L1b-RadC,2023,263,19
ABI-L1b-RadC,2022,123,23
ABI-L1b-RadC,2023,75,22
ABI-L1b-RadC,2023,326,16
ABI-L1b-RadC,2022,219,7
ABI-L1b-RadC,2023,233,12
ABI-L1b-RadC,2022,89,3
ABI-L1b-RadC,2023,292,22
ABI-L1b-RadC,2023,71,3
ABI-L1b-RadC,2023,140,18
ABI-L1b-RadC,2022,225,15
ABI-L1b-RadC,2022,3,0
ABI-L1b-RadC,2022,87,23
ABI-L1b-RadC,2022,147,1
ABI-L1b-RadC,2022,262,8
ABI-L1b-RadC,2023,123,19
ABI-L1b-RadC,2023,93,2
ABI-L1b-RadC,2023,317,4
ABI-L1b-RadC,2023,235,2
ABI-L1b-RadC,2023,256,18
ABI-L1b-RadC,2022,346,13
ABI-L1b-RadC,2023,314,3
ABI-L1b-RadC,2023,92,9
ABI-L1b-RadC,2022,362,22
ABI-L1b-RadC,2023,285,23
ABI-L1b-RadC,2022,2,22
ABI-L1b-RadC,2023,348,10
ABI-L1b-RadC,2022,268,18
ABI-L1b-RadC,2022,164,17
ABI-L1b-RadC,2022,12,9
ABI-L1b-RadC,2022,356,15
ABI-L1b-RadC,2022,177,16
ABI-L1b-RadC,2023,14,20
ABI-L1b-RadC,2022,24,10
ABI-L1b-RadC,2023,150,2
ABI-L1b-RadC,2022,160,1
ABI-L1b-RadC,2022,245,17
ABI-L1b-RadC,2023,138,16
ABI-L1b-RadC,2023,288,5
ABI-L1b-RadC,2022,143,8
ABI-L1b-RadC,2023,16,0
ABI-L1b-RadC,2022,232,23
ABI-L1b-RadC,2023,283,22
ABI-L1b-RadC,2023,86,7
ABI-L1b-RadC,2023,359,1
ABI-L1b-RadC,2023,322,8
ABI-L1b-RadC,2023,40,12
ABI-L1b-RadC,2022,23,12
ABI-L1b-RadC,2023,36,6
ABI-L1b-RadC,2023,91,17
ABI-L1b-RadC,2022,21,21
ABI-L1b-RadC,2022,116,8
ABI-L1b-RadC,2023,356,2
ABI-L1b-RadC,2022,344,10
ABI-L1b-RadC,2023,112,18
ABI-L1b-RadC,2022,242,3
ABI-L1b-RadC,2022,168,2
ABI-L1b-RadC,2023,211,5
ABI-L1b-RadC,2022,309,21
ABI-L1b-RadC,2023,203,20
ABI-L1b-RadC,2022,206,6